--------------------------------------------------------
--  파일이 생성됨 - 금요일-3월-12-2021   
--------------------------------------------------------
--------------------------------------------------------
--  DDL for Sequence SEQ_BOARD_NO
--------------------------------------------------------

   CREATE SEQUENCE  "SEQ_BOARD_NO"  MINVALUE 1 MAXVALUE 9999999999999999999999999999 INCREMENT BY 1 START WITH 30 NOCACHE  NOORDER  NOCYCLE ;
--------------------------------------------------------
--  DDL for Sequence SEQ_BOOKMARK
--------------------------------------------------------

   CREATE SEQUENCE  "SEQ_BOOKMARK"  MINVALUE 1 MAXVALUE 9999999999999999999999999999 INCREMENT BY 1 START WITH 49 NOCACHE  NOORDER  NOCYCLE ;
--------------------------------------------------------
--  DDL for Sequence SEQ_RESERVATION_NO
--------------------------------------------------------

   CREATE SEQUENCE  "SEQ_RESERVATION_NO"  MINVALUE 1 MAXVALUE 9999999999999999999999999999 INCREMENT BY 1 START WITH 115 CACHE 20 NOORDER  NOCYCLE ;
--------------------------------------------------------
--  DDL for Sequence SEQ_REVIEW_NO
--------------------------------------------------------

   CREATE SEQUENCE  "SEQ_REVIEW_NO"  MINVALUE 1 MAXVALUE 9999999999999999999999999999 INCREMENT BY 1 START WITH 184 NOCACHE  NOORDER  NOCYCLE ;
--------------------------------------------------------
--  DDL for Table BOOKMARK
--------------------------------------------------------

  CREATE TABLE "BOOKMARK" 
   (	"BMARK_NO" NUMBER, 
	"BOARD_NO" NUMBER, 
	"MEMBER_ID" VARCHAR2(15)
   ) ;

   COMMENT ON COLUMN "BOOKMARK"."BMARK_NO" IS '즐겨찾기번호';
   COMMENT ON COLUMN "BOOKMARK"."BOARD_NO" IS '게시글번호';
   COMMENT ON COLUMN "BOOKMARK"."MEMBER_ID" IS '멤버아이디';
   COMMENT ON TABLE "BOOKMARK"  IS '즐겨찾기';
--------------------------------------------------------
--  DDL for Table HASHTAG
--------------------------------------------------------

  CREATE TABLE "HASHTAG" 
   (	"HASHTAG_KEYWORD" VARCHAR2(30)
   ) ;

   COMMENT ON COLUMN "HASHTAG"."HASHTAG_KEYWORD" IS '해시태그';
   COMMENT ON TABLE "HASHTAG"  IS '해시태그 단어를 저장하는 테이블';
--------------------------------------------------------
--  DDL for Table HASHTAG_BOARD
--------------------------------------------------------

  CREATE TABLE "HASHTAG_BOARD" 
   (	"BOARD_NO" NUMBER, 
	"HASHTAG_KEYWORD1" VARCHAR2(30), 
	"HASHTAG_KEYWORD2" VARCHAR2(30), 
	"HASHTAG_KEYWORD3" VARCHAR2(30)
   ) ;

   COMMENT ON COLUMN "HASHTAG_BOARD"."BOARD_NO" IS '게시글번호';
   COMMENT ON COLUMN "HASHTAG_BOARD"."HASHTAG_KEYWORD1" IS '해시태그키워드1';
   COMMENT ON COLUMN "HASHTAG_BOARD"."HASHTAG_KEYWORD2" IS '해시태그키워드2';
   COMMENT ON COLUMN "HASHTAG_BOARD"."HASHTAG_KEYWORD3" IS '해시태그키워드3';
--------------------------------------------------------
--  DDL for Table MEMBER
--------------------------------------------------------

  CREATE TABLE "MEMBER" 
   (	"MEMBER_ID" VARCHAR2(15), 
	"MEMBER_PASSWORD" VARCHAR2(300), 
	"MEMBER_NAME" VARCHAR2(30), 
	"MEMBER_ROLE" CHAR(1) DEFAULT 'P', 
	"BIRTHDAY" DATE, 
	"EMAIL" VARCHAR2(100), 
	"PHONE" CHAR(11), 
	"ENROLLDATE" DATE DEFAULT sysdate, 
	"QUIT_YN" CHAR(1) DEFAULT 'N', 
	"NOSHOW_FREQ" NUMBER, 
	"CORPORATE_NO" CHAR(10)
   ) ;

   COMMENT ON COLUMN "MEMBER"."MEMBER_ID" IS '멤버아이디';
   COMMENT ON COLUMN "MEMBER"."MEMBER_PASSWORD" IS '멤버비밀번호';
   COMMENT ON COLUMN "MEMBER"."MEMBER_NAME" IS '멤버이름';
   COMMENT ON COLUMN "MEMBER"."MEMBER_ROLE" IS '멤버권한 P(기본값)|R(사업자)';
   COMMENT ON COLUMN "MEMBER"."BIRTHDAY" IS '멤버생년월일';
   COMMENT ON COLUMN "MEMBER"."EMAIL" IS '멤버이메일';
   COMMENT ON COLUMN "MEMBER"."PHONE" IS '멤버전화번호';
   COMMENT ON COLUMN "MEMBER"."ENROLLDATE" IS '멤버가입일';
   COMMENT ON COLUMN "MEMBER"."QUIT_YN" IS '멤버탈퇴여부 Y|N';
   COMMENT ON COLUMN "MEMBER"."NOSHOW_FREQ" IS '멤버노쇼횟수';
   COMMENT ON COLUMN "MEMBER"."CORPORATE_NO" IS '멤버사업자번호';
   COMMENT ON TABLE "MEMBER"  IS '멤버테이블';
--------------------------------------------------------
--  DDL for Table MENU_PIC
--------------------------------------------------------

  CREATE TABLE "MENU_PIC" 
   (	"BOARD_NO" NUMBER, 
	"MENU_ORIGINAL_FILENAME1" VARCHAR2(200), 
	"MENU_ORIGINAL_FILENAME2" VARCHAR2(200), 
	"MENU_ORIGINAL_FILENAME3" VARCHAR2(200), 
	"MENU_RENAMED_FILENAME1" VARCHAR2(200), 
	"MENU_RENAMED_FILENAME2" VARCHAR2(200), 
	"MENU_RENAMED_FILENAME3" VARCHAR2(200)
   ) ;

   COMMENT ON COLUMN "MENU_PIC"."MENU_ORIGINAL_FILENAME1" IS '메뉴사진원래이름1';
   COMMENT ON COLUMN "MENU_PIC"."MENU_ORIGINAL_FILENAME2" IS '메뉴사진원래이름2';
   COMMENT ON COLUMN "MENU_PIC"."MENU_ORIGINAL_FILENAME3" IS '메뉴사진원래이름3';
   COMMENT ON COLUMN "MENU_PIC"."MENU_RENAMED_FILENAME1" IS '메뉴사진변경이름1';
   COMMENT ON COLUMN "MENU_PIC"."MENU_RENAMED_FILENAME2" IS '메뉴사진변경이름2';
   COMMENT ON COLUMN "MENU_PIC"."MENU_RENAMED_FILENAME3" IS '메뉴사진변경이름3';
   COMMENT ON TABLE "MENU_PIC"  IS '가게메뉴 사진';
--------------------------------------------------------
--  DDL for Table PAYMENT
--------------------------------------------------------

  CREATE TABLE "PAYMENT" 
   (	"MERCHANT_UID" VARCHAR2(25), 
	"MEMBER_ID" VARCHAR2(15), 
	"BOARD_NO" NUMBER, 
	"BUYER_NAME" VARCHAR2(30), 
	"BUYER_TEL" CHAR(11), 
	"BUYER_EMAIL" VARCHAR2(50), 
	"AMOUNT" NUMBER, 
	"PAY_METHOD" VARCHAR2(10), 
	"PAYMENT_DATE" DATE DEFAULT sysdate, 
	"PG" VARCHAR2(30), 
	"REFUND_YN" VARCHAR2(1) DEFAULT 'N', 
	"RESERVATION_NO" NUMBER
   ) ;

   COMMENT ON COLUMN "PAYMENT"."MERCHANT_UID" IS '결제번호';
   COMMENT ON COLUMN "PAYMENT"."MEMBER_ID" IS '멤버아이디';
   COMMENT ON COLUMN "PAYMENT"."BOARD_NO" IS '게시글 번호';
   COMMENT ON COLUMN "PAYMENT"."BUYER_NAME" IS '결제자 이름';
   COMMENT ON COLUMN "PAYMENT"."BUYER_TEL" IS '결제자 전화번호';
   COMMENT ON COLUMN "PAYMENT"."BUYER_EMAIL" IS '결제자 이메일';
   COMMENT ON COLUMN "PAYMENT"."AMOUNT" IS '결제금액';
   COMMENT ON COLUMN "PAYMENT"."PAY_METHOD" IS '결제수단';
   COMMENT ON COLUMN "PAYMENT"."PAYMENT_DATE" IS '결제일자';
   COMMENT ON COLUMN "PAYMENT"."PG" IS 'PG사';
   COMMENT ON TABLE "PAYMENT"  IS '결제 테이블';
--------------------------------------------------------
--  DDL for Table RESERVATION
--------------------------------------------------------

  CREATE TABLE "RESERVATION" 
   (	"RESERVATION_NO" NUMBER, 
	"MEMBER_ID" VARCHAR2(15), 
	"BOARD_NO" NUMBER, 
	"ADULT" NUMBER, 
	"CHILD" NUMBER, 
	"RSV_DATE" TIMESTAMP (6), 
	"RESERVATION_PHONE" CHAR(11), 
	"DEPOSIT_YN" CHAR(1) DEFAULT 'N', 
	"RESERVATION_STATUS" CHAR(1), 
	"NOSHOW_YN" VARCHAR2(1), 
	"NO_SHOW" NUMBER
   ) ;

   COMMENT ON COLUMN "RESERVATION"."BOARD_NO" IS '게시글 번호';
   COMMENT ON COLUMN "RESERVATION"."ADULT" IS '예약자 성인인원';
   COMMENT ON COLUMN "RESERVATION"."CHILD" IS '예약자 아이인원';
   COMMENT ON COLUMN "RESERVATION"."RSV_DATE" IS '예약날짜';
   COMMENT ON COLUMN "RESERVATION"."RESERVATION_PHONE" IS '예약자 연락처';
   COMMENT ON COLUMN "RESERVATION"."DEPOSIT_YN" IS '예약금 결제여부 Y/N';
   COMMENT ON COLUMN "RESERVATION"."RESERVATION_STATUS" IS '예약 수락여부 Y/N';
   COMMENT ON TABLE "RESERVATION"  IS '예약정보';
--------------------------------------------------------
--  DDL for Table REVIEW
--------------------------------------------------------

  CREATE TABLE "REVIEW" 
   (	"REVIEW_NO" NUMBER, 
	"REVIEW_CONTENT" VARCHAR2(500), 
	"REVIEW_DATE" DATE DEFAULT sysdate, 
	"RATING" NUMBER, 
	"BOARD_NO" NUMBER, 
	"MEMBER_ID" VARCHAR2(15), 
	"REVIEW_DEL_YN" CHAR(1) DEFAULT 'N', 
	"REVIEWORIGINALFILENAME1" VARCHAR2(200), 
	"REVIEWORIGINALFILENAME2" VARCHAR2(200), 
	"REVIEWORIGINALFILENAME3" VARCHAR2(200), 
	"REVIEWRENAMEDFILENAME1" VARCHAR2(200), 
	"REVIEWRENAMEDFILENAME2" VARCHAR2(200), 
	"REVIEWRENAMEDFILENAME3" VARCHAR2(200)
   ) ;

   COMMENT ON COLUMN "REVIEW"."REVIEW_NO" IS '리뷰번호';
   COMMENT ON COLUMN "REVIEW"."REVIEW_CONTENT" IS '리뷰 내용';
   COMMENT ON COLUMN "REVIEW"."REVIEW_DATE" IS '리뷰 작성일';
   COMMENT ON COLUMN "REVIEW"."RATING" IS '평점';
   COMMENT ON COLUMN "REVIEW"."BOARD_NO" IS '게시글번호';
   COMMENT ON COLUMN "REVIEW"."MEMBER_ID" IS '리뷰 작성자';
   COMMENT ON COLUMN "REVIEW"."REVIEW_DEL_YN" IS '게시판리뷰 삭제여부: Y|N(기본값)';
   COMMENT ON COLUMN "REVIEW"."REVIEWORIGINALFILENAME1" IS '리뷰사진원래이름1';
   COMMENT ON COLUMN "REVIEW"."REVIEWORIGINALFILENAME2" IS '리뷰사진원래이름2';
   COMMENT ON COLUMN "REVIEW"."REVIEWORIGINALFILENAME3" IS '리뷰사진원래이름3';
   COMMENT ON COLUMN "REVIEW"."REVIEWRENAMEDFILENAME1" IS '리뷰사진변경이름1';
   COMMENT ON COLUMN "REVIEW"."REVIEWRENAMEDFILENAME2" IS '리뷰사진변경이름2';
   COMMENT ON COLUMN "REVIEW"."REVIEWRENAMEDFILENAME3" IS '리뷰사진변경이름3';
   COMMENT ON TABLE "REVIEW"  IS '리뷰테이블';
--------------------------------------------------------
--  DDL for Table REVIEW_PIC
--------------------------------------------------------

  CREATE TABLE "REVIEW_PIC" 
   (	"REVIEW_NO" NUMBER, 
	"REVIEW_ORIGINAL_FILENAME1" VARCHAR2(200), 
	"REVIEW_ORIGINAL_FILENAME2" VARCHAR2(200), 
	"REVIEW_ORIGINAL_FILENAME3" VARCHAR2(200), 
	"REVIEW_RENAMED_FILENAME1" VARCHAR2(200), 
	"REVIEW_RENAMED_FILENAME2" VARCHAR2(200), 
	"REVIEW_RENAMED_FILENAME3" VARCHAR2(200)
   ) ;

   COMMENT ON COLUMN "REVIEW_PIC"."REVIEW_NO" IS '리뷰번호';
   COMMENT ON COLUMN "REVIEW_PIC"."REVIEW_ORIGINAL_FILENAME1" IS '리뷰 첨부파일원래이름1';
   COMMENT ON COLUMN "REVIEW_PIC"."REVIEW_ORIGINAL_FILENAME2" IS '리뷰 첨부파일원래이름2';
   COMMENT ON COLUMN "REVIEW_PIC"."REVIEW_ORIGINAL_FILENAME3" IS '리뷰 첨부파일원래이름3';
   COMMENT ON COLUMN "REVIEW_PIC"."REVIEW_RENAMED_FILENAME1" IS '리뷰 첨부파일변경이름1';
   COMMENT ON COLUMN "REVIEW_PIC"."REVIEW_RENAMED_FILENAME2" IS '리뷰 첨부파일변경이름2';
   COMMENT ON COLUMN "REVIEW_PIC"."REVIEW_RENAMED_FILENAME3" IS '리뷰 첨부파일변경이름3';
   COMMENT ON TABLE "REVIEW_PIC"  IS '리뷰 사진테이블';
--------------------------------------------------------
--  DDL for Table STORE_INFO
--------------------------------------------------------

  CREATE TABLE "STORE_INFO" 
   (	"BOARD_NO" NUMBER, 
	"MEMBER_ID" VARCHAR2(15), 
	"STORE_NAME" VARCHAR2(50), 
	"STORE_PHONE" CHAR(11), 
	"LOCATION" VARCHAR2(150), 
	"CLOSING_DAY" VARCHAR2(50), 
	"OPEN_HOURS" VARCHAR2(50), 
	"CLOSE_HOURS" VARCHAR2(50), 
	"BREAKTIME_OPEN" VARCHAR2(50), 
	"BREAKTIME_CLOSE" VARCHAR2(50), 
	"MENU" VARCHAR2(300), 
	"PARKING" CHAR(1), 
	"RESERVATION_NUM" NUMBER DEFAULT 0, 
	"VIEW_NUM" NUMBER, 
	"INFO_DEL_YN" CHAR(1) DEFAULT ('N')
   ) ;

   COMMENT ON COLUMN "STORE_INFO"."BOARD_NO" IS '게시글번호';
   COMMENT ON COLUMN "STORE_INFO"."STORE_NAME" IS '가게이름';
   COMMENT ON COLUMN "STORE_INFO"."STORE_PHONE" IS '가게전화번호';
   COMMENT ON COLUMN "STORE_INFO"."LOCATION" IS '가게주소';
   COMMENT ON COLUMN "STORE_INFO"."CLOSING_DAY" IS '가게휴일';
   COMMENT ON COLUMN "STORE_INFO"."OPEN_HOURS" IS '오픈시간';
   COMMENT ON COLUMN "STORE_INFO"."CLOSE_HOURS" IS '클로즈시간';
   COMMENT ON COLUMN "STORE_INFO"."BREAKTIME_OPEN" IS '브레이크타임오픈';
   COMMENT ON COLUMN "STORE_INFO"."BREAKTIME_CLOSE" IS '브레이크타임클로즈';
   COMMENT ON COLUMN "STORE_INFO"."MENU" IS '대표메뉴';
   COMMENT ON COLUMN "STORE_INFO"."PARKING" IS '주차여부 Y/N';
   COMMENT ON COLUMN "STORE_INFO"."RESERVATION_NUM" IS '예약횟수';
   COMMENT ON COLUMN "STORE_INFO"."VIEW_NUM" IS '조회수';
   COMMENT ON COLUMN "STORE_INFO"."INFO_DEL_YN" IS '식당정보삭제여부 Y/N';
   COMMENT ON TABLE "STORE_INFO"  IS '식당정보테이블';
REM INSERTING into BOOKMARK
SET DEFINE OFF;
Insert into BOOKMARK (BMARK_NO,BOARD_NO,MEMBER_ID) values (46,26,'sockdo');
Insert into BOOKMARK (BMARK_NO,BOARD_NO,MEMBER_ID) values (32,2,'nesnesh');
Insert into BOOKMARK (BMARK_NO,BOARD_NO,MEMBER_ID) values (48,10,'wdfwf');
Insert into BOOKMARK (BMARK_NO,BOARD_NO,MEMBER_ID) values (43,5,'sockdo');
Insert into BOOKMARK (BMARK_NO,BOARD_NO,MEMBER_ID) values (33,5,'nesnesh');
Insert into BOOKMARK (BMARK_NO,BOARD_NO,MEMBER_ID) values (12,3,'nesnesh');
Insert into BOOKMARK (BMARK_NO,BOARD_NO,MEMBER_ID) values (13,4,'nesnesh');
Insert into BOOKMARK (BMARK_NO,BOARD_NO,MEMBER_ID) values (44,9,'sockdo');
Insert into BOOKMARK (BMARK_NO,BOARD_NO,MEMBER_ID) values (41,15,'sockdo');
Insert into BOOKMARK (BMARK_NO,BOARD_NO,MEMBER_ID) values (18,9,'nesnesh');
Insert into BOOKMARK (BMARK_NO,BOARD_NO,MEMBER_ID) values (19,10,'nesnesh');
Insert into BOOKMARK (BMARK_NO,BOARD_NO,MEMBER_ID) values (20,10,'gsegesg');
Insert into BOOKMARK (BMARK_NO,BOARD_NO,MEMBER_ID) values (23,14,'nesnesh');
Insert into BOOKMARK (BMARK_NO,BOARD_NO,MEMBER_ID) values (24,15,'nesnesh');
Insert into BOOKMARK (BMARK_NO,BOARD_NO,MEMBER_ID) values (42,23,'sockdo');
Insert into BOOKMARK (BMARK_NO,BOARD_NO,MEMBER_ID) values (26,17,'nesnesh');
REM INSERTING into HASHTAG
SET DEFINE OFF;
Insert into HASHTAG (HASHTAG_KEYWORD) values ('tv맛집');
Insert into HASHTAG (HASHTAG_KEYWORD) values ('가성비맛집');
Insert into HASHTAG (HASHTAG_KEYWORD) values ('가족모임');
Insert into HASHTAG (HASHTAG_KEYWORD) values ('강남맛집');
Insert into HASHTAG (HASHTAG_KEYWORD) values ('격식있는');
Insert into HASHTAG (HASHTAG_KEYWORD) values ('고기맛집');
Insert into HASHTAG (HASHTAG_KEYWORD) values ('광진구맛집');
Insert into HASHTAG (HASHTAG_KEYWORD) values ('국물음식');
Insert into HASHTAG (HASHTAG_KEYWORD) values ('깔끔한');
Insert into HASHTAG (HASHTAG_KEYWORD) values ('냉면');
Insert into HASHTAG (HASHTAG_KEYWORD) values ('다이어트식');
Insert into HASHTAG (HASHTAG_KEYWORD) values ('단체모임');
Insert into HASHTAG (HASHTAG_KEYWORD) values ('데이트코스');
Insert into HASHTAG (HASHTAG_KEYWORD) values ('디저트맛집');
Insert into HASHTAG (HASHTAG_KEYWORD) values ('떡볶이');
Insert into HASHTAG (HASHTAG_KEYWORD) values ('마포맛집');
Insert into HASHTAG (HASHTAG_KEYWORD) values ('분식');
Insert into HASHTAG (HASHTAG_KEYWORD) values ('빵집');
Insert into HASHTAG (HASHTAG_KEYWORD) values ('서초맛집');
Insert into HASHTAG (HASHTAG_KEYWORD) values ('수제버거');
Insert into HASHTAG (HASHTAG_KEYWORD) values ('술안주');
Insert into HASHTAG (HASHTAG_KEYWORD) values ('술집');
Insert into HASHTAG (HASHTAG_KEYWORD) values ('아이동반');
Insert into HASHTAG (HASHTAG_KEYWORD) values ('애견동반');
Insert into HASHTAG (HASHTAG_KEYWORD) values ('예쁜카페');
Insert into HASHTAG (HASHTAG_KEYWORD) values ('용산맛집');
Insert into HASHTAG (HASHTAG_KEYWORD) values ('유기농식당');
Insert into HASHTAG (HASHTAG_KEYWORD) values ('이탈리안');
Insert into HASHTAG (HASHTAG_KEYWORD) values ('인기카페');
Insert into HASHTAG (HASHTAG_KEYWORD) values ('일식');
Insert into HASHTAG (HASHTAG_KEYWORD) values ('저녁식사');
Insert into HASHTAG (HASHTAG_KEYWORD) values ('조용한');
Insert into HASHTAG (HASHTAG_KEYWORD) values ('존맛탱');
Insert into HASHTAG (HASHTAG_KEYWORD) values ('주차');
Insert into HASHTAG (HASHTAG_KEYWORD) values ('중식');
Insert into HASHTAG (HASHTAG_KEYWORD) values ('채식식당');
Insert into HASHTAG (HASHTAG_KEYWORD) values ('초밥');
Insert into HASHTAG (HASHTAG_KEYWORD) values ('캐주얼한');
Insert into HASHTAG (HASHTAG_KEYWORD) values ('태국');
Insert into HASHTAG (HASHTAG_KEYWORD) values ('파스타');
Insert into HASHTAG (HASHTAG_KEYWORD) values ('프랑스');
Insert into HASHTAG (HASHTAG_KEYWORD) values ('한식');
Insert into HASHTAG (HASHTAG_KEYWORD) values ('한우');
Insert into HASHTAG (HASHTAG_KEYWORD) values ('한정식');
Insert into HASHTAG (HASHTAG_KEYWORD) values ('할랄푸드');
Insert into HASHTAG (HASHTAG_KEYWORD) values ('핫플');
Insert into HASHTAG (HASHTAG_KEYWORD) values ('해산물');
Insert into HASHTAG (HASHTAG_KEYWORD) values ('혼밥');
Insert into HASHTAG (HASHTAG_KEYWORD) values ('혼술');
Insert into HASHTAG (HASHTAG_KEYWORD) values ('회식장소');
REM INSERTING into HASHTAG_BOARD
SET DEFINE OFF;
Insert into HASHTAG_BOARD (BOARD_NO,HASHTAG_KEYWORD1,HASHTAG_KEYWORD2,HASHTAG_KEYWORD3) values (6,'한식','고기맛집','가족모임');
Insert into HASHTAG_BOARD (BOARD_NO,HASHTAG_KEYWORD1,HASHTAG_KEYWORD2,HASHTAG_KEYWORD3) values (7,'회식장소','술집','술안주');
Insert into HASHTAG_BOARD (BOARD_NO,HASHTAG_KEYWORD1,HASHTAG_KEYWORD2,HASHTAG_KEYWORD3) values (8,'술안주','존맛탱','회식장소');
Insert into HASHTAG_BOARD (BOARD_NO,HASHTAG_KEYWORD1,HASHTAG_KEYWORD2,HASHTAG_KEYWORD3) values (9,'고기맛집','회식장소','tv맛집');
Insert into HASHTAG_BOARD (BOARD_NO,HASHTAG_KEYWORD1,HASHTAG_KEYWORD2,HASHTAG_KEYWORD3) values (10,'고기맛집','격식있는','가족모임');
Insert into HASHTAG_BOARD (BOARD_NO,HASHTAG_KEYWORD1,HASHTAG_KEYWORD2,HASHTAG_KEYWORD3) values (1,'용산맛집','고기맛집','데이트코스');
Insert into HASHTAG_BOARD (BOARD_NO,HASHTAG_KEYWORD1,HASHTAG_KEYWORD2,HASHTAG_KEYWORD3) values (2,'마포맛집','가족모임','한식');
Insert into HASHTAG_BOARD (BOARD_NO,HASHTAG_KEYWORD1,HASHTAG_KEYWORD2,HASHTAG_KEYWORD3) values (3,'마포맛집','tv맛집','냉면');
Insert into HASHTAG_BOARD (BOARD_NO,HASHTAG_KEYWORD1,HASHTAG_KEYWORD2,HASHTAG_KEYWORD3) values (4,'한식','해산물','tv맛집');
Insert into HASHTAG_BOARD (BOARD_NO,HASHTAG_KEYWORD1,HASHTAG_KEYWORD2,HASHTAG_KEYWORD3) values (5,'일식','조용한','깔끔한');
Insert into HASHTAG_BOARD (BOARD_NO,HASHTAG_KEYWORD1,HASHTAG_KEYWORD2,HASHTAG_KEYWORD3) values (11,'광진구맛집','중식','술안주');
Insert into HASHTAG_BOARD (BOARD_NO,HASHTAG_KEYWORD1,HASHTAG_KEYWORD2,HASHTAG_KEYWORD3) values (12,'서초맛집','빵집','예쁜카페');
Insert into HASHTAG_BOARD (BOARD_NO,HASHTAG_KEYWORD1,HASHTAG_KEYWORD2,HASHTAG_KEYWORD3) values (13,'서초맛집','해산물','데이트코스');
Insert into HASHTAG_BOARD (BOARD_NO,HASHTAG_KEYWORD1,HASHTAG_KEYWORD2,HASHTAG_KEYWORD3) values (14,'강남맛집','깔끔한','예쁜카페');
Insert into HASHTAG_BOARD (BOARD_NO,HASHTAG_KEYWORD1,HASHTAG_KEYWORD2,HASHTAG_KEYWORD3) values (16,'강남맛집','해산물','핫플');
Insert into HASHTAG_BOARD (BOARD_NO,HASHTAG_KEYWORD1,HASHTAG_KEYWORD2,HASHTAG_KEYWORD3) values (17,'마포맛집','분식','존맛탱');
Insert into HASHTAG_BOARD (BOARD_NO,HASHTAG_KEYWORD1,HASHTAG_KEYWORD2,HASHTAG_KEYWORD3) values (18,'한식','수제버거','캐주얼한');
Insert into HASHTAG_BOARD (BOARD_NO,HASHTAG_KEYWORD1,HASHTAG_KEYWORD2,HASHTAG_KEYWORD3) values (19,'서초맛집','냉면','단체모임');
Insert into HASHTAG_BOARD (BOARD_NO,HASHTAG_KEYWORD1,HASHTAG_KEYWORD2,HASHTAG_KEYWORD3) values (20,'용산맛집','고기맛집','핫플');
Insert into HASHTAG_BOARD (BOARD_NO,HASHTAG_KEYWORD1,HASHTAG_KEYWORD2,HASHTAG_KEYWORD3) values (15,'마포맛집','떡볶이','존맛탱');
Insert into HASHTAG_BOARD (BOARD_NO,HASHTAG_KEYWORD1,HASHTAG_KEYWORD2,HASHTAG_KEYWORD3) values (21,'강남맛집','술안주','캐주얼한');
Insert into HASHTAG_BOARD (BOARD_NO,HASHTAG_KEYWORD1,HASHTAG_KEYWORD2,HASHTAG_KEYWORD3) values (22,'한식','고기맛집','술집');
Insert into HASHTAG_BOARD (BOARD_NO,HASHTAG_KEYWORD1,HASHTAG_KEYWORD2,HASHTAG_KEYWORD3) values (23,'강남맛집','깔끔한','데이트코스');
Insert into HASHTAG_BOARD (BOARD_NO,HASHTAG_KEYWORD1,HASHTAG_KEYWORD2,HASHTAG_KEYWORD3) values (24,'강남맛집','해산물','단체모임');
Insert into HASHTAG_BOARD (BOARD_NO,HASHTAG_KEYWORD1,HASHTAG_KEYWORD2,HASHTAG_KEYWORD3) values (25,'강남맛집','해산물','술안주');
Insert into HASHTAG_BOARD (BOARD_NO,HASHTAG_KEYWORD1,HASHTAG_KEYWORD2,HASHTAG_KEYWORD3) values (29,'강남맛집','중식','tv맛집');
Insert into HASHTAG_BOARD (BOARD_NO,HASHTAG_KEYWORD1,HASHTAG_KEYWORD2,HASHTAG_KEYWORD3) values (27,'중식','깔끔한','가족모임');
Insert into HASHTAG_BOARD (BOARD_NO,HASHTAG_KEYWORD1,HASHTAG_KEYWORD2,HASHTAG_KEYWORD3) values (26,'한식','술안주','가성비맛집');
REM INSERTING into MEMBER
SET DEFINE OFF;
Insert into MEMBER (MEMBER_ID,MEMBER_PASSWORD,MEMBER_NAME,MEMBER_ROLE,BIRTHDAY,EMAIL,PHONE,ENROLLDATE,QUIT_YN,NOSHOW_FREQ,CORPORATE_NO) values ('guansoon','ujJTh2rta8ItSm/1PYQGxq2GQZXtFEq1yHYhtsIztUi66uaVbfNG7IwX9eoQ817jy8UUeX7X3dMUVGTioLq0Ew==','유관순','R',to_date('88/09/04','RR/MM/DD'),'guansoon@naver.com','01055551111',to_date('21/02/22','RR/MM/DD'),'N',1,'3265948945');
Insert into MEMBER (MEMBER_ID,MEMBER_PASSWORD,MEMBER_NAME,MEMBER_ROLE,BIRTHDAY,EMAIL,PHONE,ENROLLDATE,QUIT_YN,NOSHOW_FREQ,CORPORATE_NO) values ('fawfw','ujJTh2rta8ItSm/1PYQGxq2GQZXtFEq1yHYhtsIztUi66uaVbfNG7IwX9eoQ817jy8UUeX7X3dMUVGTioLq0Ew==','김과자','P',null,'fioonmp1001@gmail.com','01010102020',to_date('21/03/05','RR/MM/DD'),'N',0,null);
Insert into MEMBER (MEMBER_ID,MEMBER_PASSWORD,MEMBER_NAME,MEMBER_ROLE,BIRTHDAY,EMAIL,PHONE,ENROLLDATE,QUIT_YN,NOSHOW_FREQ,CORPORATE_NO) values ('dangoon','ujJTh2rta8ItSm/1PYQGxq2GQZXtFEq1yHYhtsIztUi66uaVbfNG7IwX9eoQ817jy8UUeX7X3dMUVGTioLq0Ew==','이단군','R',to_date('88/08/08','RR/MM/DD'),'dangoon@naver.ocm','1019880808 ',to_date('21/01/11','RR/MM/DD'),'N',0,'3512348789');
Insert into MEMBER (MEMBER_ID,MEMBER_PASSWORD,MEMBER_NAME,MEMBER_ROLE,BIRTHDAY,EMAIL,PHONE,ENROLLDATE,QUIT_YN,NOSHOW_FREQ,CORPORATE_NO) values ('jeonsun','ujJTh2rta8ItSm/1PYQGxq2GQZXtFEq1yHYhtsIztUi66uaVbfNG7IwX9eoQ817jy8UUeX7X3dMUVGTioLq0Ew==','최전선','P',to_date('57/02/28','RR/MM/DD'),'jeonsun@naver.com','1019570228 ',to_date('20/11/11','RR/MM/DD'),'Y',0,null);
Insert into MEMBER (MEMBER_ID,MEMBER_PASSWORD,MEMBER_NAME,MEMBER_ROLE,BIRTHDAY,EMAIL,PHONE,ENROLLDATE,QUIT_YN,NOSHOW_FREQ,CORPORATE_NO) values ('wafwafaf','ujJTh2rta8ItSm/1PYQGxq2GQZXtFEq1yHYhtsIztUi66uaVbfNG7IwX9eoQ817jy8UUeX7X3dMUVGTioLq0Ew==','김사장','R',null,'qqppioa10@gmail.com','01012345123',to_date('21/03/11','RR/MM/DD'),'N',0,'35325H24R2');
Insert into MEMBER (MEMBER_ID,MEMBER_PASSWORD,MEMBER_NAME,MEMBER_ROLE,BIRTHDAY,EMAIL,PHONE,ENROLLDATE,QUIT_YN,NOSHOW_FREQ,CORPORATE_NO) values ('vsagvsgbs','4T78mRqb9Eu7Tah827clJAGEWFzK8nBSMXDgCM8qO4X0X4bD2mR/aXgPuelxyvVDez0G1Bg1WmjJdgxwox0Fxw==','김자바','P',null,'wdjk38@gmail.com','01012341234',to_date('21/03/10','RR/MM/DD'),'N',0,null);
Insert into MEMBER (MEMBER_ID,MEMBER_PASSWORD,MEMBER_NAME,MEMBER_ROLE,BIRTHDAY,EMAIL,PHONE,ENROLLDATE,QUIT_YN,NOSHOW_FREQ,CORPORATE_NO) values ('wfaqed','ujJTh2rta8ItSm/1PYQGxq2GQZXtFEq1yHYhtsIztUi66uaVbfNG7IwX9eoQ817jy8UUeX7X3dMUVGTioLq0Ew==','김자바','R',to_date('20/01/01','RR/MM/DD'),'kb1029573@gmail.com','01012341234',to_date('21/03/11','RR/MM/DD'),'N',0,'529F393G32');
Insert into MEMBER (MEMBER_ID,MEMBER_PASSWORD,MEMBER_NAME,MEMBER_ROLE,BIRTHDAY,EMAIL,PHONE,ENROLLDATE,QUIT_YN,NOSHOW_FREQ,CORPORATE_NO) values ('abc_123','sEEll9zqgTZVV03FSlt0lnz4UxfwMyolkb55U6AW+N5WIA6zfVulk7HkqifOpconEA+U3M1bBLrlyt1EVNumfQ==','김돼지','P',to_date('97/05/05','RR/MM/DD'),'abc_123@naver.com','01012341234',to_date('20/12/11','RR/MM/DD'),'Y',0,null);
Insert into MEMBER (MEMBER_ID,MEMBER_PASSWORD,MEMBER_NAME,MEMBER_ROLE,BIRTHDAY,EMAIL,PHONE,ENROLLDATE,QUIT_YN,NOSHOW_FREQ,CORPORATE_NO) values ('honggd','ujJTh2rta8ItSm/1PYQGxq2GQZXtFEq1yHYhtsIztUi66uaVbfNG7IwX9eoQ817jy8UUeX7X3dMUVGTioLq0Ew==','홍길동','R',to_date('50/01/01','RR/MM/DD'),'honggd@gmail.com','01028570813',to_date('20/01/12','RR/MM/DD'),'N',0,'1012552689');
Insert into MEMBER (MEMBER_ID,MEMBER_PASSWORD,MEMBER_NAME,MEMBER_ROLE,BIRTHDAY,EMAIL,PHONE,ENROLLDATE,QUIT_YN,NOSHOW_FREQ,CORPORATE_NO) values ('floater','ujJTh2rta8ItSm/1PYQGxq2GQZXtFEq1yHYhtsIztUi66uaVbfNG7IwX9eoQ817jy8UUeX7X3dMUVGTioLq0Ew==','고길동','R',to_date('74/08/09','RR/MM/DD'),'floater@naver.com','01060308257',to_date('20/02/01','RR/MM/DD'),'N',0,'2057595863');
Insert into MEMBER (MEMBER_ID,MEMBER_PASSWORD,MEMBER_NAME,MEMBER_ROLE,BIRTHDAY,EMAIL,PHONE,ENROLLDATE,QUIT_YN,NOSHOW_FREQ,CORPORATE_NO) values ('sfawsf','ujJTh2rta8ItSm/1PYQGxq2GQZXtFEq1yHYhtsIztUi66uaVbfNG7IwX9eoQ817jy8UUeX7X3dMUVGTioLq0Ew==','마이크','P',to_date('98/07/02','RR/MM/DD'),'sfawsf@naver.com','01017232001',to_date('20/12/01','RR/MM/DD'),'N',2,null);
Insert into MEMBER (MEMBER_ID,MEMBER_PASSWORD,MEMBER_NAME,MEMBER_ROLE,BIRTHDAY,EMAIL,PHONE,ENROLLDATE,QUIT_YN,NOSHOW_FREQ,CORPORATE_NO) values ('awsfaf','ujJTh2rta8ItSm/1PYQGxq2GQZXtFEq1yHYhtsIztUi66uaVbfNG7IwX9eoQ817jy8UUeX7X3dMUVGTioLq0Ew==','박또치','P',to_date('86/07/07','RR/MM/DD'),'awsfaf@gmail.com','01089155010',to_date('21/02/13','RR/MM/DD'),'N',0,null);
Insert into MEMBER (MEMBER_ID,MEMBER_PASSWORD,MEMBER_NAME,MEMBER_ROLE,BIRTHDAY,EMAIL,PHONE,ENROLLDATE,QUIT_YN,NOSHOW_FREQ,CORPORATE_NO) values ('gsegesg','ujJTh2rta8ItSm/1PYQGxq2GQZXtFEq1yHYhtsIztUi66uaVbfNG7IwX9eoQ817jy8UUeX7X3dMUVGTioLq0Ew==','김둘리','P',to_date('88/08/08','RR/MM/DD'),'gsegesg@naver.com','01050188725',to_date('20/10/10','RR/MM/DD'),'N',0,null);
Insert into MEMBER (MEMBER_ID,MEMBER_PASSWORD,MEMBER_NAME,MEMBER_ROLE,BIRTHDAY,EMAIL,PHONE,ENROLLDATE,QUIT_YN,NOSHOW_FREQ,CORPORATE_NO) values ('nesnesh','ujJTh2rta8ItSm/1PYQGxq2GQZXtFEq1yHYhtsIztUi66uaVbfNG7IwX9eoQ817jy8UUeX7X3dMUVGTioLq0Ew==','도우너','P',to_date('89/06/30','RR/MM/DD'),'nesnesh@gmail.com','01090230000',to_date('20/10/06','RR/MM/DD'),'N',0,null);
Insert into MEMBER (MEMBER_ID,MEMBER_PASSWORD,MEMBER_NAME,MEMBER_ROLE,BIRTHDAY,EMAIL,PHONE,ENROLLDATE,QUIT_YN,NOSHOW_FREQ,CORPORATE_NO) values ('qwerty','ujJTh2rta8ItSm/1PYQGxq2GQZXtFEq1yHYhtsIztUi66uaVbfNG7IwX9eoQ817jy8UUeX7X3dMUVGTioLq0Ew==','김철수','R',to_date('96/01/01','RR/MM/DD'),'qwerty@naver.com','01027458629',to_date('20/01/25','RR/MM/DD'),'N',0,'9896545621');
Insert into MEMBER (MEMBER_ID,MEMBER_PASSWORD,MEMBER_NAME,MEMBER_ROLE,BIRTHDAY,EMAIL,PHONE,ENROLLDATE,QUIT_YN,NOSHOW_FREQ,CORPORATE_NO) values ('kim1bong','ujJTh2rta8ItSm/1PYQGxq2GQZXtFEq1yHYhtsIztUi66uaVbfNG7IwX9eoQ817jy8UUeX7X3dMUVGTioLq0Ew==','김일병','R',to_date('95/03/15','RR/MM/DD'),'kim1bong@naver.com','01056339723',to_date('20/03/03','RR/MM/DD'),'N',2,'5878512315');
Insert into MEMBER (MEMBER_ID,MEMBER_PASSWORD,MEMBER_NAME,MEMBER_ROLE,BIRTHDAY,EMAIL,PHONE,ENROLLDATE,QUIT_YN,NOSHOW_FREQ,CORPORATE_NO) values ('park22','ujJTh2rta8ItSm/1PYQGxq2GQZXtFEq1yHYhtsIztUi66uaVbfNG7IwX9eoQ817jy8UUeX7X3dMUVGTioLq0Ew==','박이병','P',to_date('94/02/25','RR/MM/DD'),'park22@naver.com','01089210001',to_date('21/01/03','RR/MM/DD'),'Y',2,null);
Insert into MEMBER (MEMBER_ID,MEMBER_PASSWORD,MEMBER_NAME,MEMBER_ROLE,BIRTHDAY,EMAIL,PHONE,ENROLLDATE,QUIT_YN,NOSHOW_FREQ,CORPORATE_NO) values ('twoone','ujJTh2rta8ItSm/1PYQGxq2GQZXtFEq1yHYhtsIztUi66uaVbfNG7IwX9eoQ817jy8UUeX7X3dMUVGTioLq0Ew==','이하나','R',to_date('92/07/20','RR/MM/DD'),'twoone@naver.com','01023508801',to_date('20/01/05','RR/MM/DD'),'N',0,'5498874658');
Insert into MEMBER (MEMBER_ID,MEMBER_PASSWORD,MEMBER_NAME,MEMBER_ROLE,BIRTHDAY,EMAIL,PHONE,ENROLLDATE,QUIT_YN,NOSHOW_FREQ,CORPORATE_NO) values ('dodori','ujJTh2rta8ItSm/1PYQGxq2GQZXtFEq1yHYhtsIztUi66uaVbfNG7IwX9eoQ817jy8UUeX7X3dMUVGTioLq0Ew==','최두리','R',to_date('91/03/03','RR/MM/DD'),'dodori@naver.com','01050729680',to_date('20/02/13','RR/MM/DD'),'Y',0,'2164894923');
Insert into MEMBER (MEMBER_ID,MEMBER_PASSWORD,MEMBER_NAME,MEMBER_ROLE,BIRTHDAY,EMAIL,PHONE,ENROLLDATE,QUIT_YN,NOSHOW_FREQ,CORPORATE_NO) values ('seoi2','ujJTh2rta8ItSm/1PYQGxq2GQZXtFEq1yHYhtsIztUi66uaVbfNG7IwX9eoQ817jy8UUeX7X3dMUVGTioLq0Ew==','박서이','P',to_date('90/02/03','RR/MM/DD'),'seoi2@naver.com','01080912452',to_date('20/11/03','RR/MM/DD'),'Y',0,null);
Insert into MEMBER (MEMBER_ID,MEMBER_PASSWORD,MEMBER_NAME,MEMBER_ROLE,BIRTHDAY,EMAIL,PHONE,ENROLLDATE,QUIT_YN,NOSHOW_FREQ,CORPORATE_NO) values ('kimgu','ujJTh2rta8ItSm/1PYQGxq2GQZXtFEq1yHYhtsIztUi66uaVbfNG7IwX9eoQ817jy8UUeX7X3dMUVGTioLq0Ew==','김구','P',to_date('78/06/15','RR/MM/DD'),'kimgu@naver.com','01087006201',to_date('20/08/11','RR/MM/DD'),'N',0,null);
Insert into MEMBER (MEMBER_ID,MEMBER_PASSWORD,MEMBER_NAME,MEMBER_ROLE,BIRTHDAY,EMAIL,PHONE,ENROLLDATE,QUIT_YN,NOSHOW_FREQ,CORPORATE_NO) values ('seongman','ujJTh2rta8ItSm/1PYQGxq2GQZXtFEq1yHYhtsIztUi66uaVbfNG7IwX9eoQ817jy8UUeX7X3dMUVGTioLq0Ew==','이승만','R',to_date('62/09/18','RR/MM/DD'),'seongman@naver.com','01070521253',to_date('20/03/30','RR/MM/DD'),'N',0,'1545432546');
Insert into MEMBER (MEMBER_ID,MEMBER_PASSWORD,MEMBER_NAME,MEMBER_ROLE,BIRTHDAY,EMAIL,PHONE,ENROLLDATE,QUIT_YN,NOSHOW_FREQ,CORPORATE_NO) values ('soonsin','ujJTh2rta8ItSm/1PYQGxq2GQZXtFEq1yHYhtsIztUi66uaVbfNG7IwX9eoQ817jy8UUeX7X3dMUVGTioLq0Ew==','이순신','P',to_date('45/03/08','RR/MM/DD'),'soonsin@naver.com','01109163279',to_date('20/10/29','RR/MM/DD'),'Y',0,null);
Insert into MEMBER (MEMBER_ID,MEMBER_PASSWORD,MEMBER_NAME,MEMBER_ROLE,BIRTHDAY,EMAIL,PHONE,ENROLLDATE,QUIT_YN,NOSHOW_FREQ,CORPORATE_NO) values ('shift','ujJTh2rta8ItSm/1PYQGxq2GQZXtFEq1yHYhtsIztUi66uaVbfNG7IwX9eoQ817jy8UUeX7X3dMUVGTioLq0Ew==','한석봉','P',to_date('75/04/03','RR/MM/DD'),'seockbong@naver.com','01090215582',to_date('20/11/01','RR/MM/DD'),'Y',0,null);
Insert into MEMBER (MEMBER_ID,MEMBER_PASSWORD,MEMBER_NAME,MEMBER_ROLE,BIRTHDAY,EMAIL,PHONE,ENROLLDATE,QUIT_YN,NOSHOW_FREQ,CORPORATE_NO) values ('kkungjeong','ujJTh2rta8ItSm/1PYQGxq2GQZXtFEq1yHYhtsIztUi66uaVbfNG7IwX9eoQ817jy8UUeX7X3dMUVGTioLq0Ew==','임꺽정','P',to_date('62/08/23','RR/MM/DD'),'kkungjeong@naver.com','01075902105',to_date('20/08/08','RR/MM/DD'),'N',0,null);
Insert into MEMBER (MEMBER_ID,MEMBER_PASSWORD,MEMBER_NAME,MEMBER_ROLE,BIRTHDAY,EMAIL,PHONE,ENROLLDATE,QUIT_YN,NOSHOW_FREQ,CORPORATE_NO) values ('hacksa','ujJTh2rta8ItSm/1PYQGxq2GQZXtFEq1yHYhtsIztUi66uaVbfNG7IwX9eoQ817jy8UUeX7X3dMUVGTioLq0Ew==','삼학사','R',to_date('82/11/27','RR/MM/DD'),'hacksa@naver.com','01022334455',to_date('20/05/17','RR/MM/DD'),'N',0,'1256484894');
Insert into MEMBER (MEMBER_ID,MEMBER_PASSWORD,MEMBER_NAME,MEMBER_ROLE,BIRTHDAY,EMAIL,PHONE,ENROLLDATE,QUIT_YN,NOSHOW_FREQ,CORPORATE_NO) values ('youngsam','ujJTh2rta8ItSm/1PYQGxq2GQZXtFEq1yHYhtsIztUi66uaVbfNG7IwX9eoQ817jy8UUeX7X3dMUVGTioLq0Ew==','유영삼','R',to_date('97/01/29','RR/MM/DD'),'youngsam@naver.com','01033225544',to_date('20/02/16','RR/MM/DD'),'N',0,'5448787130');
Insert into MEMBER (MEMBER_ID,MEMBER_PASSWORD,MEMBER_NAME,MEMBER_ROLE,BIRTHDAY,EMAIL,PHONE,ENROLLDATE,QUIT_YN,NOSHOW_FREQ,CORPORATE_NO) values ('sockdo','ujJTh2rta8ItSm/1PYQGxq2GQZXtFEq1yHYhtsIztUi66uaVbfNG7IwX9eoQ817jy8UUeX7X3dMUVGTioLq0Ew==','풍속도','P',to_date('45/05/27','RR/MM/DD'),'sockdo@gmail.com','01000001234',to_date('21/02/08','RR/MM/DD'),'N',0,null);
Insert into MEMBER (MEMBER_ID,MEMBER_PASSWORD,MEMBER_NAME,MEMBER_ROLE,BIRTHDAY,EMAIL,PHONE,ENROLLDATE,QUIT_YN,NOSHOW_FREQ,CORPORATE_NO) values ('sasgas','ujJTh2rta8ItSm/1PYQGxq2GQZXtFEq1yHYhtsIztUi66uaVbfNG7IwX9eoQ817jy8UUeX7X3dMUVGTioLq0Ew==','김삿갓','P',to_date('72/03/21','RR/MM/DD'),'sasgas@naver.com','01019720321',to_date('20/11/29','RR/MM/DD'),'N',5,null);
Insert into MEMBER (MEMBER_ID,MEMBER_PASSWORD,MEMBER_NAME,MEMBER_ROLE,BIRTHDAY,EMAIL,PHONE,ENROLLDATE,QUIT_YN,NOSHOW_FREQ,CORPORATE_NO) values ('jeongho','ujJTh2rta8ItSm/1PYQGxq2GQZXtFEq1yHYhtsIztUi66uaVbfNG7IwX9eoQ817jy8UUeX7X3dMUVGTioLq0Ew==','김정호','R',to_date('82/05/01','RR/MM/DD'),'jeongho@naver.ccom','1011333344 ',to_date('20/11/29','RR/MM/DD'),'Y',0,'6564988789');
Insert into MEMBER (MEMBER_ID,MEMBER_PASSWORD,MEMBER_NAME,MEMBER_ROLE,BIRTHDAY,EMAIL,PHONE,ENROLLDATE,QUIT_YN,NOSHOW_FREQ,CORPORATE_NO) values ('yakkyoung','ujJTh2rta8ItSm/1PYQGxq2GQZXtFEq1yHYhtsIztUi66uaVbfNG7IwX9eoQ817jy8UUeX7X3dMUVGTioLq0Ew==','정약용','R',to_date('83/08/23','RR/MM/DD'),'yakkyoung@naver.com','1019830823 ',to_date('20/01/12','RR/MM/DD'),'N',0,'8945697972');
Insert into MEMBER (MEMBER_ID,MEMBER_PASSWORD,MEMBER_NAME,MEMBER_ROLE,BIRTHDAY,EMAIL,PHONE,ENROLLDATE,QUIT_YN,NOSHOW_FREQ,CORPORATE_NO) values ('janggak','ujJTh2rta8ItSm/1PYQGxq2GQZXtFEq1yHYhtsIztUi66uaVbfNG7IwX9eoQ817jy8UUeX7X3dMUVGTioLq0Ew==','규장각','R',to_date('87/12/11','RR/MM/DD'),'janggak@naver.com','1019871211 ',to_date('20/12/31','RR/MM/DD'),'N',1,'2154983879');
Insert into MEMBER (MEMBER_ID,MEMBER_PASSWORD,MEMBER_NAME,MEMBER_ROLE,BIRTHDAY,EMAIL,PHONE,ENROLLDATE,QUIT_YN,NOSHOW_FREQ,CORPORATE_NO) values ('moongo','ujJTh2rta8ItSm/1PYQGxq2GQZXtFEq1yHYhtsIztUi66uaVbfNG7IwX9eoQ817jy8UUeX7X3dMUVGTioLq0Ew==','신문고','R',to_date('88/11/12','RR/MM/DD'),'moongo@naver.com','1019881122 ',to_date('20/04/18','RR/MM/DD'),'N',0,'2154942879');
Insert into MEMBER (MEMBER_ID,MEMBER_PASSWORD,MEMBER_NAME,MEMBER_ROLE,BIRTHDAY,EMAIL,PHONE,ENROLLDATE,QUIT_YN,NOSHOW_FREQ,CORPORATE_NO) values ('bojun','ujJTh2rta8ItSm/1PYQGxq2GQZXtFEq1yHYhtsIztUi66uaVbfNG7IwX9eoQ817jy8UUeX7X3dMUVGTioLq0Ew==','전보준','R',to_date('95/02/01','RR/MM/DD'),'bojun@naver.com','1045886995 ',to_date('20/02/09','RR/MM/DD'),'N',0,'6543256189');
Insert into MEMBER (MEMBER_ID,MEMBER_PASSWORD,MEMBER_NAME,MEMBER_ROLE,BIRTHDAY,EMAIL,PHONE,ENROLLDATE,QUIT_YN,NOSHOW_FREQ,CORPORATE_NO) values ('deogun','ujJTh2rta8ItSm/1PYQGxq2GQZXtFEq1yHYhtsIztUi66uaVbfNG7IwX9eoQ817jy8UUeX7X3dMUVGTioLq0Ew==','김대건','R',to_date('56/02/12','RR/MM/DD'),'deogun@naver.com','1068422365 ',to_date('20/03/07','RR/MM/DD'),'N',0,'4564165484');
Insert into MEMBER (MEMBER_ID,MEMBER_PASSWORD,MEMBER_NAME,MEMBER_ROLE,BIRTHDAY,EMAIL,PHONE,ENROLLDATE,QUIT_YN,NOSHOW_FREQ,CORPORATE_NO) values ('jinyee','ujJTh2rta8ItSm/1PYQGxq2GQZXtFEq1yHYhtsIztUi66uaVbfNG7IwX9eoQ817jy8UUeX7X3dMUVGTioLq0Ew==','황진이','R',to_date('99/09/19','RR/MM/DD'),'jinyee@naver.com','1059785238 ',to_date('20/05/05','RR/MM/DD'),'N',0,'4851545678');
Insert into MEMBER (MEMBER_ID,MEMBER_PASSWORD,MEMBER_NAME,MEMBER_ROLE,BIRTHDAY,EMAIL,PHONE,ENROLLDATE,QUIT_YN,NOSHOW_FREQ,CORPORATE_NO) values ('geongrea','ujJTh2rta8ItSm/1PYQGxq2GQZXtFEq1yHYhtsIztUi66uaVbfNG7IwX9eoQ817jy8UUeX7X3dMUVGTioLq0Ew==','홍경래','P',to_date('50/11/04','RR/MM/DD'),'geongrea@naver.com','1085489321 ',to_date('20/10/10','RR/MM/DD'),'N',0,null);
Insert into MEMBER (MEMBER_ID,MEMBER_PASSWORD,MEMBER_NAME,MEMBER_ROLE,BIRTHDAY,EMAIL,PHONE,ENROLLDATE,QUIT_YN,NOSHOW_FREQ,CORPORATE_NO) values ('yockgoon','ujJTh2rta8ItSm/1PYQGxq2GQZXtFEq1yHYhtsIztUi66uaVbfNG7IwX9eoQ817jy8UUeX7X3dMUVGTioLq0Ew==','김옥균','P',to_date('66/08/31','RR/MM/DD'),'yockgoon@naver.com','1054873546 ',to_date('20/09/09','RR/MM/DD'),'Y',0,null);
Insert into MEMBER (MEMBER_ID,MEMBER_PASSWORD,MEMBER_NAME,MEMBER_ROLE,BIRTHDAY,EMAIL,PHONE,ENROLLDATE,QUIT_YN,NOSHOW_FREQ,CORPORATE_NO) values ('yanyoong','ujJTh2rta8ItSm/1PYQGxq2GQZXtFEq1yHYhtsIztUi66uaVbfNG7IwX9eoQ817jy8UUeX7X3dMUVGTioLq0Ew==','이완용','P',to_date('68/01/30','RR/MM/DD'),'yanyoong@naver.com','1019680130 ',to_date('20/12/19','RR/MM/DD'),'Y',0,null);
Insert into MEMBER (MEMBER_ID,MEMBER_PASSWORD,MEMBER_NAME,MEMBER_ROLE,BIRTHDAY,EMAIL,PHONE,ENROLLDATE,QUIT_YN,NOSHOW_FREQ,CORPORATE_NO) values ('beonghee','ujJTh2rta8ItSm/1PYQGxq2GQZXtFEq1yHYhtsIztUi66uaVbfNG7IwX9eoQ817jy8UUeX7X3dMUVGTioLq0Ew==','손병희','R',to_date('73/05/19','RR/MM/DD'),'beonghee@naver.com','1019730519 ',to_date('20/10/10','RR/MM/DD'),'N',0,'4845452386');
Insert into MEMBER (MEMBER_ID,MEMBER_PASSWORD,MEMBER_NAME,MEMBER_ROLE,BIRTHDAY,EMAIL,PHONE,ENROLLDATE,QUIT_YN,NOSHOW_FREQ,CORPORATE_NO) values ('dongjoo','ujJTh2rta8ItSm/1PYQGxq2GQZXtFEq1yHYhtsIztUi66uaVbfNG7IwX9eoQ817jy8UUeX7X3dMUVGTioLq0Ew==','윤동주','R',to_date('82/11/11','RR/MM/DD'),'dongjoo@naver.com','1019821111 ',to_date('20/08/15','RR/MM/DD'),'N',0,'2299887515');
Insert into MEMBER (MEMBER_ID,MEMBER_PASSWORD,MEMBER_NAME,MEMBER_ROLE,BIRTHDAY,EMAIL,PHONE,ENROLLDATE,QUIT_YN,NOSHOW_FREQ,CORPORATE_NO) values ('seokyoung','ujJTh2rta8ItSm/1PYQGxq2GQZXtFEq1yHYhtsIztUi66uaVbfNG7IwX9eoQ817jy8UUeX7X3dMUVGTioLq0Ew==','지석영','P',to_date('55/09/19','RR/MM/DD'),'seokyoung@naver.com','1019550919 ',to_date('20/09/08','RR/MM/DD'),'N',0,null);
Insert into MEMBER (MEMBER_ID,MEMBER_PASSWORD,MEMBER_NAME,MEMBER_ROLE,BIRTHDAY,EMAIL,PHONE,ENROLLDATE,QUIT_YN,NOSHOW_FREQ,CORPORATE_NO) values ('latte','ujJTh2rta8ItSm/1PYQGxq2GQZXtFEq1yHYhtsIztUi66uaVbfNG7IwX9eoQ817jy8UUeX7X3dMUVGTioLq0Ew==','정라떼','P',to_date('93/11/09','RR/MM/DD'),'latte@naver.com','1019931109 ',to_date('20/12/15','RR/MM/DD'),'Y',1,null);
Insert into MEMBER (MEMBER_ID,MEMBER_PASSWORD,MEMBER_NAME,MEMBER_ROLE,BIRTHDAY,EMAIL,PHONE,ENROLLDATE,QUIT_YN,NOSHOW_FREQ,CORPORATE_NO) values ('jayee','ujJTh2rta8ItSm/1PYQGxq2GQZXtFEq1yHYhtsIztUi66uaVbfNG7IwX9eoQ817jy8UUeX7X3dMUVGTioLq0Ew==','이제이','R',to_date('91/03/13','RR/MM/DD'),'jayee@naver.com','1019910313 ',to_date('20/06/26','RR/MM/DD'),'N',0,'5087456985');
Insert into MEMBER (MEMBER_ID,MEMBER_PASSWORD,MEMBER_NAME,MEMBER_ROLE,BIRTHDAY,EMAIL,PHONE,ENROLLDATE,QUIT_YN,NOSHOW_FREQ,CORPORATE_NO) values ('youongsa','ujJTh2rta8ItSm/1PYQGxq2GQZXtFEq1yHYhtsIztUi66uaVbfNG7IwX9eoQ817jy8UUeX7X3dMUVGTioLq0Ew==','유영사','R',to_date('71/06/16','RR/MM/DD'),'youongsa@naver.com','1019710616 ',to_date('20/09/22','RR/MM/DD'),'N',0,'8784897565');
Insert into MEMBER (MEMBER_ID,MEMBER_PASSWORD,MEMBER_NAME,MEMBER_ROLE,BIRTHDAY,EMAIL,PHONE,ENROLLDATE,QUIT_YN,NOSHOW_FREQ,CORPORATE_NO) values ('yelri','ujJTh2rta8ItSm/1PYQGxq2GQZXtFEq1yHYhtsIztUi66uaVbfNG7IwX9eoQ817jy8UUeX7X3dMUVGTioLq0Ew==','강엘리','R',to_date('89/05/02','RR/MM/DD'),'yelri@naver.com','1019890502 ',to_date('20/02/07','RR/MM/DD'),'N',0,'5618421321');
Insert into MEMBER (MEMBER_ID,MEMBER_PASSWORD,MEMBER_NAME,MEMBER_ROLE,BIRTHDAY,EMAIL,PHONE,ENROLLDATE,QUIT_YN,NOSHOW_FREQ,CORPORATE_NO) values ('rooyee','ujJTh2rta8ItSm/1PYQGxq2GQZXtFEq1yHYhtsIztUi66uaVbfNG7IwX9eoQ817jy8UUeX7X3dMUVGTioLq0Ew==','김루이','R',to_date('89/03/27','RR/MM/DD'),'rooyee@naver.com','1019890327 ',to_date('20/03/20','RR/MM/DD'),'N',0,'8421212197');
Insert into MEMBER (MEMBER_ID,MEMBER_PASSWORD,MEMBER_NAME,MEMBER_ROLE,BIRTHDAY,EMAIL,PHONE,ENROLLDATE,QUIT_YN,NOSHOW_FREQ,CORPORATE_NO) values ('mani','ujJTh2rta8ItSm/1PYQGxq2GQZXtFEq1yHYhtsIztUi66uaVbfNG7IwX9eoQ817jy8UUeX7X3dMUVGTioLq0Ew==','김마니','R',to_date('86/12/01','RR/MM/DD'),'mani@naver.com','1019861201 ',to_date('20/06/14','RR/MM/DD'),'N',0,'4887222626');
Insert into MEMBER (MEMBER_ID,MEMBER_PASSWORD,MEMBER_NAME,MEMBER_ROLE,BIRTHDAY,EMAIL,PHONE,ENROLLDATE,QUIT_YN,NOSHOW_FREQ,CORPORATE_NO) values ('jeonghuan','ujJTh2rta8ItSm/1PYQGxq2GQZXtFEq1yHYhtsIztUi66uaVbfNG7IwX9eoQ817jy8UUeX7X3dMUVGTioLq0Ew==','방정환','R',to_date('98/10/11','RR/MM/DD'),'jeonghuan@naver.com','1019881011 ',to_date('20/04/04','RR/MM/DD'),'Y',3,'5315648942');
Insert into MEMBER (MEMBER_ID,MEMBER_PASSWORD,MEMBER_NAME,MEMBER_ROLE,BIRTHDAY,EMAIL,PHONE,ENROLLDATE,QUIT_YN,NOSHOW_FREQ,CORPORATE_NO) values ('doohan','ujJTh2rta8ItSm/1PYQGxq2GQZXtFEq1yHYhtsIztUi66uaVbfNG7IwX9eoQ817jy8UUeX7X3dMUVGTioLq0Ew==','김두한','R',to_date('75/01/09','RR/MM/DD'),'doohan@naver.com','1019750109 ',to_date('20/01/22','RR/MM/DD'),'N',0,'6625899922');
Insert into MEMBER (MEMBER_ID,MEMBER_PASSWORD,MEMBER_NAME,MEMBER_ROLE,BIRTHDAY,EMAIL,PHONE,ENROLLDATE,QUIT_YN,NOSHOW_FREQ,CORPORATE_NO) values ('soonyea','ujJTh2rta8ItSm/1PYQGxq2GQZXtFEq1yHYhtsIztUi66uaVbfNG7IwX9eoQ817jy8UUeX7X3dMUVGTioLq0Ew==','심순애','R',to_date('99/07/22','RR/MM/DD'),'soonyea@naver.com','1019990722 ',to_date('20/07/04','RR/MM/DD'),'N',0,'9799596232');
Insert into MEMBER (MEMBER_ID,MEMBER_PASSWORD,MEMBER_NAME,MEMBER_ROLE,BIRTHDAY,EMAIL,PHONE,ENROLLDATE,QUIT_YN,NOSHOW_FREQ,CORPORATE_NO) values ('saboo','ujJTh2rta8ItSm/1PYQGxq2GQZXtFEq1yHYhtsIztUi66uaVbfNG7IwX9eoQ817jy8UUeX7X3dMUVGTioLq0Ew==','이사부','R',to_date('95/05/16','RR/MM/DD'),'saboo@naver.com','1019550516 ',to_date('20/07/20','RR/MM/DD'),'N',0,'4121498979');
Insert into MEMBER (MEMBER_ID,MEMBER_PASSWORD,MEMBER_NAME,MEMBER_ROLE,BIRTHDAY,EMAIL,PHONE,ENROLLDATE,QUIT_YN,NOSHOW_FREQ,CORPORATE_NO) values ('yonjo','ujJTh2rta8ItSm/1PYQGxq2GQZXtFEq1yHYhtsIztUi66uaVbfNG7IwX9eoQ817jy8UUeX7X3dMUVGTioLq0Ew==','백온조','P',to_date('68/12/23','RR/MM/DD'),'yonjo@naver.com','1019681223 ',to_date('20/09/21','RR/MM/DD'),'Y',0,null);
Insert into MEMBER (MEMBER_ID,MEMBER_PASSWORD,MEMBER_NAME,MEMBER_ROLE,BIRTHDAY,EMAIL,PHONE,ENROLLDATE,QUIT_YN,NOSHOW_FREQ,CORPORATE_NO) values ('bongsam','ujJTh2rta8ItSm/1PYQGxq2GQZXtFEq1yHYhtsIztUi66uaVbfNG7IwX9eoQ817jy8UUeX7X3dMUVGTioLq0Ew==','이삼병','R',to_date('93/11/11','RR/MM/DD'),'bongsam@naver.com','01090207400',to_date('20/04/14','RR/MM/DD'),'N',0,'7451346700');
Insert into MEMBER (MEMBER_ID,MEMBER_PASSWORD,MEMBER_NAME,MEMBER_ROLE,BIRTHDAY,EMAIL,PHONE,ENROLLDATE,QUIT_YN,NOSHOW_FREQ,CORPORATE_NO) values ('jake','UUzO0EnCdpL/htKcf5OaRw+kA9UYnUJFMJAVuVpaF2F9f6pEd6jkX6pBxCyMTttpiwHIll0LaOZ9SQIlW22Ozg==','김재익','P',to_date('97/03/18','RR/MM/DD'),'wislrlxk@gmail.com','01013264698',to_date('21/03/12','RR/MM/DD'),'N',0,null);
REM INSERTING into MENU_PIC
SET DEFINE OFF;
REM INSERTING into PAYMENT
SET DEFINE OFF;
Insert into PAYMENT (MERCHANT_UID,MEMBER_ID,BOARD_NO,BUYER_NAME,BUYER_TEL,BUYER_EMAIL,AMOUNT,PAY_METHOD,PAYMENT_DATE,PG,REFUND_YN,RESERVATION_NO) values ('101rsv1615450352560','sasgas',1,'김삿갓','01019720321','sasgas@naver.com',10000,'card',to_date('21/03/11','RR/MM/DD'),'kakaopay','N',101);
Insert into PAYMENT (MERCHANT_UID,MEMBER_ID,BOARD_NO,BUYER_NAME,BUYER_TEL,BUYER_EMAIL,AMOUNT,PAY_METHOD,PAYMENT_DATE,PG,REFUND_YN,RESERVATION_NO) values ('87rsv1615360838372','sasgas',1,'김삿갓','01019720321','sasgas@naver.com',20000,'card',to_date('21/03/10','RR/MM/DD'),'kakaopay','N',87);
Insert into PAYMENT (MERCHANT_UID,MEMBER_ID,BOARD_NO,BUYER_NAME,BUYER_TEL,BUYER_EMAIL,AMOUNT,PAY_METHOD,PAYMENT_DATE,PG,REFUND_YN,RESERVATION_NO) values ('104rsv1615512796687','jake',1,'김재익','01013264698','wislrlxk@gmail.com',15000,'card',to_date('21/03/12','RR/MM/DD'),'kakaopay','N',104);
Insert into PAYMENT (MERCHANT_UID,MEMBER_ID,BOARD_NO,BUYER_NAME,BUYER_TEL,BUYER_EMAIL,AMOUNT,PAY_METHOD,PAYMENT_DATE,PG,REFUND_YN,RESERVATION_NO) values ('1rsv1614338236026','abc_123',1,'김돼지','01012341234','abc_123@naver.com',10000,'card',to_date('21/01/01','RR/MM/DD'),'kakao','N',1);
Insert into PAYMENT (MERCHANT_UID,MEMBER_ID,BOARD_NO,BUYER_NAME,BUYER_TEL,BUYER_EMAIL,AMOUNT,PAY_METHOD,PAYMENT_DATE,PG,REFUND_YN,RESERVATION_NO) values ('5rsv1614338327021','nesnesh',5,'도우너','01090237583','nesnesh@naver.com',30000,'card',to_date('21/01/14','RR/MM/DD'),'kakao','N',3);
Insert into PAYMENT (MERCHANT_UID,MEMBER_ID,BOARD_NO,BUYER_NAME,BUYER_TEL,BUYER_EMAIL,AMOUNT,PAY_METHOD,PAYMENT_DATE,PG,REFUND_YN,RESERVATION_NO) values ('8rsv1614338334535','kimgu',8,'김구','01087006201','kimgu@naver.com',35000,'card',to_date('21/01/08','RR/MM/DD'),'kakao','N',4);
Insert into PAYMENT (MERCHANT_UID,MEMBER_ID,BOARD_NO,BUYER_NAME,BUYER_TEL,BUYER_EMAIL,AMOUNT,PAY_METHOD,PAYMENT_DATE,PG,REFUND_YN,RESERVATION_NO) values ('11rsv1614338339993','kkungjeong',11,'임꺽정','01075902105','kkungjeong@naver.com',25000,'card',to_date('20/10/16','RR/MM/DD'),'kakao','N',5);
Insert into PAYMENT (MERCHANT_UID,MEMBER_ID,BOARD_NO,BUYER_NAME,BUYER_TEL,BUYER_EMAIL,AMOUNT,PAY_METHOD,PAYMENT_DATE,PG,REFUND_YN,RESERVATION_NO) values ('14rsv1614338347579','geongrea',14,'홍경래','01085489321','geongrea@naver.com',40000,'card',to_date('21/01/22','RR/MM/DD'),'kakao','N',7);
Insert into PAYMENT (MERCHANT_UID,MEMBER_ID,BOARD_NO,BUYER_NAME,BUYER_TEL,BUYER_EMAIL,AMOUNT,PAY_METHOD,PAYMENT_DATE,PG,REFUND_YN,RESERVATION_NO) values ('15rsv1614338353423','yockgoon',15,'김옥균','01054873546','yockgoon@naver.com',15000,'card',to_date('20/12/24','RR/MM/DD'),'kakao','N',8);
Insert into PAYMENT (MERCHANT_UID,MEMBER_ID,BOARD_NO,BUYER_NAME,BUYER_TEL,BUYER_EMAIL,AMOUNT,PAY_METHOD,PAYMENT_DATE,PG,REFUND_YN,RESERVATION_NO) values ('20rsv1614338358513','jeonsun',20,'최전선','01019570228','jeonsun@naver.com',10000,'card',to_date('21/01/27','RR/MM/DD'),'kakao','N',10);
Insert into PAYMENT (MERCHANT_UID,MEMBER_ID,BOARD_NO,BUYER_NAME,BUYER_TEL,BUYER_EMAIL,AMOUNT,PAY_METHOD,PAYMENT_DATE,PG,REFUND_YN,RESERVATION_NO) values ('96rsv1615361583320','sasgas',1,'김삿갓','01019720321','sasgas@naver.com',10000,'card',to_date('21/03/10','RR/MM/DD'),'kakaopay','N',96);
REM INSERTING into RESERVATION
SET DEFINE OFF;
Insert into RESERVATION (RESERVATION_NO,MEMBER_ID,BOARD_NO,ADULT,CHILD,RSV_DATE,RESERVATION_PHONE,DEPOSIT_YN,RESERVATION_STATUS,NOSHOW_YN,NO_SHOW) values (1,'abc_123',1,2,0,to_timestamp('21/01/05 11:30:00.000000000','RR/MM/DD HH24:MI:SSXFF'),'01012341234','Y','Y','N',0);
Insert into RESERVATION (RESERVATION_NO,MEMBER_ID,BOARD_NO,ADULT,CHILD,RSV_DATE,RESERVATION_PHONE,DEPOSIT_YN,RESERVATION_STATUS,NOSHOW_YN,NO_SHOW) values (2,'sfawsf',2,3,2,to_timestamp('21/02/20 18:00:00.000000000','RR/MM/DD HH24:MI:SSXFF'),'01017232001','N','N',null,2);
Insert into RESERVATION (RESERVATION_NO,MEMBER_ID,BOARD_NO,ADULT,CHILD,RSV_DATE,RESERVATION_PHONE,DEPOSIT_YN,RESERVATION_STATUS,NOSHOW_YN,NO_SHOW) values (3,'nesnesh',5,6,0,to_timestamp('21/02/05 12:00:00.000000000','RR/MM/DD HH24:MI:SSXFF'),'01090237583','Y','Y','N',0);
Insert into RESERVATION (RESERVATION_NO,MEMBER_ID,BOARD_NO,ADULT,CHILD,RSV_DATE,RESERVATION_PHONE,DEPOSIT_YN,RESERVATION_STATUS,NOSHOW_YN,NO_SHOW) values (4,'kimgu',8,5,2,to_timestamp('21/01/19 13:00:00.000000000','RR/MM/DD HH24:MI:SSXFF'),'01087006201','Y','Y','N',0);
Insert into RESERVATION (RESERVATION_NO,MEMBER_ID,BOARD_NO,ADULT,CHILD,RSV_DATE,RESERVATION_PHONE,DEPOSIT_YN,RESERVATION_STATUS,NOSHOW_YN,NO_SHOW) values (5,'kkungjeong',7,5,0,to_timestamp('20/11/14 19:00:00.000000000','RR/MM/DD HH24:MI:SSXFF'),'01075902105','Y','Y','N',0);
Insert into RESERVATION (RESERVATION_NO,MEMBER_ID,BOARD_NO,ADULT,CHILD,RSV_DATE,RESERVATION_PHONE,DEPOSIT_YN,RESERVATION_STATUS,NOSHOW_YN,NO_SHOW) values (6,'sasgas',13,4,0,to_timestamp('21/02/15 11:00:00.000000000','RR/MM/DD HH24:MI:SSXFF'),'01019720321','N','N',null,5);
Insert into RESERVATION (RESERVATION_NO,MEMBER_ID,BOARD_NO,ADULT,CHILD,RSV_DATE,RESERVATION_PHONE,DEPOSIT_YN,RESERVATION_STATUS,NOSHOW_YN,NO_SHOW) values (7,'geongrea',14,6,2,to_timestamp('21/01/22 18:30:00.000000000','RR/MM/DD HH24:MI:SSXFF'),'01085489321','Y','Y','N',0);
Insert into RESERVATION (RESERVATION_NO,MEMBER_ID,BOARD_NO,ADULT,CHILD,RSV_DATE,RESERVATION_PHONE,DEPOSIT_YN,RESERVATION_STATUS,NOSHOW_YN,NO_SHOW) values (8,'yockgoon',15,3,0,to_timestamp('20/12/24 13:30:00.000000000','RR/MM/DD HH24:MI:SSXFF'),'01054873546','Y','Y','N',0);
Insert into RESERVATION (RESERVATION_NO,MEMBER_ID,BOARD_NO,ADULT,CHILD,RSV_DATE,RESERVATION_PHONE,DEPOSIT_YN,RESERVATION_STATUS,NOSHOW_YN,NO_SHOW) values (9,'yonjo',19,5,1,to_timestamp('21/02/07 12:00:00.000000000','RR/MM/DD HH24:MI:SSXFF'),'01019681223','N',null,null,0);
Insert into RESERVATION (RESERVATION_NO,MEMBER_ID,BOARD_NO,ADULT,CHILD,RSV_DATE,RESERVATION_PHONE,DEPOSIT_YN,RESERVATION_STATUS,NOSHOW_YN,NO_SHOW) values (10,'jeonsun',20,2,0,to_timestamp('21/01/27 19:00:00.000000000','RR/MM/DD HH24:MI:SSXFF'),'01019570228','Y','Y','N',0);
Insert into RESERVATION (RESERVATION_NO,MEMBER_ID,BOARD_NO,ADULT,CHILD,RSV_DATE,RESERVATION_PHONE,DEPOSIT_YN,RESERVATION_STATUS,NOSHOW_YN,NO_SHOW) values (11,'abc_123',1,1,1,to_timestamp('21/02/28 19:32:00.000000000','RR/MM/DD HH24:MI:SSXFF'),'01012341234','N',null,null,0);
Insert into RESERVATION (RESERVATION_NO,MEMBER_ID,BOARD_NO,ADULT,CHILD,RSV_DATE,RESERVATION_PHONE,DEPOSIT_YN,RESERVATION_STATUS,NOSHOW_YN,NO_SHOW) values (13,'abc_123',1,1,3,to_timestamp('21/03/02 02:28:00.000000000','RR/MM/DD HH24:MI:SSXFF'),'01012341234','N',null,null,0);
Insert into RESERVATION (RESERVATION_NO,MEMBER_ID,BOARD_NO,ADULT,CHILD,RSV_DATE,RESERVATION_PHONE,DEPOSIT_YN,RESERVATION_STATUS,NOSHOW_YN,NO_SHOW) values (14,'jeonsun',1,2,1,to_timestamp('21/01/27 15:00:00.000000000','RR/MM/DD HH24:MI:SSXFF'),'01019570228','Y','Y','N',0);
Insert into RESERVATION (RESERVATION_NO,MEMBER_ID,BOARD_NO,ADULT,CHILD,RSV_DATE,RESERVATION_PHONE,DEPOSIT_YN,RESERVATION_STATUS,NOSHOW_YN,NO_SHOW) values (15,'jeonsun',1,2,0,to_timestamp('21/01/27 19:00:00.000000000','RR/MM/DD HH24:MI:SSXFF'),'01019570228','Y','Y','N',0);
Insert into RESERVATION (RESERVATION_NO,MEMBER_ID,BOARD_NO,ADULT,CHILD,RSV_DATE,RESERVATION_PHONE,DEPOSIT_YN,RESERVATION_STATUS,NOSHOW_YN,NO_SHOW) values (16,'yonjo',1,5,1,to_timestamp('21/02/07 12:00:00.000000000','RR/MM/DD HH24:MI:SSXFF'),'01019681223','N',null,null,0);
Insert into RESERVATION (RESERVATION_NO,MEMBER_ID,BOARD_NO,ADULT,CHILD,RSV_DATE,RESERVATION_PHONE,DEPOSIT_YN,RESERVATION_STATUS,NOSHOW_YN,NO_SHOW) values (17,'yockgoon',1,3,0,to_timestamp('20/12/24 13:30:00.000000000','RR/MM/DD HH24:MI:SSXFF'),'01054873546','Y','Y','N',0);
Insert into RESERVATION (RESERVATION_NO,MEMBER_ID,BOARD_NO,ADULT,CHILD,RSV_DATE,RESERVATION_PHONE,DEPOSIT_YN,RESERVATION_STATUS,NOSHOW_YN,NO_SHOW) values (18,'geongrea',1,6,2,to_timestamp('21/01/22 18:30:00.000000000','RR/MM/DD HH24:MI:SSXFF'),'01085489321','Y','Y','N',0);
Insert into RESERVATION (RESERVATION_NO,MEMBER_ID,BOARD_NO,ADULT,CHILD,RSV_DATE,RESERVATION_PHONE,DEPOSIT_YN,RESERVATION_STATUS,NOSHOW_YN,NO_SHOW) values (19,'sasgas',1,4,0,to_timestamp('21/02/15 11:00:00.000000000','RR/MM/DD HH24:MI:SSXFF'),'01019720321','N','N',null,5);
Insert into RESERVATION (RESERVATION_NO,MEMBER_ID,BOARD_NO,ADULT,CHILD,RSV_DATE,RESERVATION_PHONE,DEPOSIT_YN,RESERVATION_STATUS,NOSHOW_YN,NO_SHOW) values (20,'sasgas',1,4,0,to_timestamp('21/02/18 11:00:00.000000000','RR/MM/DD HH24:MI:SSXFF'),'01019720321','N','N',null,5);
Insert into RESERVATION (RESERVATION_NO,MEMBER_ID,BOARD_NO,ADULT,CHILD,RSV_DATE,RESERVATION_PHONE,DEPOSIT_YN,RESERVATION_STATUS,NOSHOW_YN,NO_SHOW) values (55,'kkungjeong',1,2,0,to_timestamp('21/04/03 19:00:00.000000000','RR/MM/DD HH24:MI:SSXFF'),'01075902105','N','N',null,0);
Insert into RESERVATION (RESERVATION_NO,MEMBER_ID,BOARD_NO,ADULT,CHILD,RSV_DATE,RESERVATION_PHONE,DEPOSIT_YN,RESERVATION_STATUS,NOSHOW_YN,NO_SHOW) values (62,'fawfw',1,1,1,to_timestamp('21/03/21 15:10:00.000000000','RR/MM/DD HH24:MI:SSXFF'),'01012341234','N','Y',null,0);
Insert into RESERVATION (RESERVATION_NO,MEMBER_ID,BOARD_NO,ADULT,CHILD,RSV_DATE,RESERVATION_PHONE,DEPOSIT_YN,RESERVATION_STATUS,NOSHOW_YN,NO_SHOW) values (74,'shift',1,2,1,to_timestamp('21/03/24 17:30:00.000000000','RR/MM/DD HH24:MI:SSXFF'),'01090215582','N',null,null,0);
Insert into RESERVATION (RESERVATION_NO,MEMBER_ID,BOARD_NO,ADULT,CHILD,RSV_DATE,RESERVATION_PHONE,DEPOSIT_YN,RESERVATION_STATUS,NOSHOW_YN,NO_SHOW) values (100,'sockdo',27,1,1,to_timestamp('21/03/14 19:50:00.000000000','RR/MM/DD HH24:MI:SSXFF'),'01012341234','N','N','N',0);
Insert into RESERVATION (RESERVATION_NO,MEMBER_ID,BOARD_NO,ADULT,CHILD,RSV_DATE,RESERVATION_PHONE,DEPOSIT_YN,RESERVATION_STATUS,NOSHOW_YN,NO_SHOW) values (102,'nesnesh',3,1,1,to_timestamp('21/03/29 17:30:00.000000000','RR/MM/DD HH24:MI:SSXFF'),'01012341234','N',null,null,0);
Insert into RESERVATION (RESERVATION_NO,MEMBER_ID,BOARD_NO,ADULT,CHILD,RSV_DATE,RESERVATION_PHONE,DEPOSIT_YN,RESERVATION_STATUS,NOSHOW_YN,NO_SHOW) values (12,'abc_123',1,1,0,to_timestamp('21/03/17 05:00:00.000000000','RR/MM/DD HH24:MI:SSXFF'),'01012341234','N','Y',null,0);
Insert into RESERVATION (RESERVATION_NO,MEMBER_ID,BOARD_NO,ADULT,CHILD,RSV_DATE,RESERVATION_PHONE,DEPOSIT_YN,RESERVATION_STATUS,NOSHOW_YN,NO_SHOW) values (21,'abc_123',1,2,0,to_timestamp('21/03/05 11:30:00.000000000','RR/MM/DD HH24:MI:SSXFF'),'01012341234','Y','Y','N',0);
Insert into RESERVATION (RESERVATION_NO,MEMBER_ID,BOARD_NO,ADULT,CHILD,RSV_DATE,RESERVATION_PHONE,DEPOSIT_YN,RESERVATION_STATUS,NOSHOW_YN,NO_SHOW) values (22,'sfawsf',2,3,2,to_timestamp('21/03/20 18:00:00.000000000','RR/MM/DD HH24:MI:SSXFF'),'01017232001','N','N',null,2);
Insert into RESERVATION (RESERVATION_NO,MEMBER_ID,BOARD_NO,ADULT,CHILD,RSV_DATE,RESERVATION_PHONE,DEPOSIT_YN,RESERVATION_STATUS,NOSHOW_YN,NO_SHOW) values (23,'nesnesh',5,6,0,to_timestamp('21/03/05 12:00:00.000000000','RR/MM/DD HH24:MI:SSXFF'),'01090237583','Y','Y','N',0);
Insert into RESERVATION (RESERVATION_NO,MEMBER_ID,BOARD_NO,ADULT,CHILD,RSV_DATE,RESERVATION_PHONE,DEPOSIT_YN,RESERVATION_STATUS,NOSHOW_YN,NO_SHOW) values (24,'kimgu',8,5,2,to_timestamp('21/03/19 13:00:00.000000000','RR/MM/DD HH24:MI:SSXFF'),'01087006201','Y','Y','N',0);
Insert into RESERVATION (RESERVATION_NO,MEMBER_ID,BOARD_NO,ADULT,CHILD,RSV_DATE,RESERVATION_PHONE,DEPOSIT_YN,RESERVATION_STATUS,NOSHOW_YN,NO_SHOW) values (25,'kkungjeong',7,5,0,to_timestamp('21/03/14 19:00:00.000000000','RR/MM/DD HH24:MI:SSXFF'),'01075902105','Y','Y','N',0);
Insert into RESERVATION (RESERVATION_NO,MEMBER_ID,BOARD_NO,ADULT,CHILD,RSV_DATE,RESERVATION_PHONE,DEPOSIT_YN,RESERVATION_STATUS,NOSHOW_YN,NO_SHOW) values (26,'sasgas',13,4,0,to_timestamp('21/03/15 11:00:00.000000000','RR/MM/DD HH24:MI:SSXFF'),'01019720321','N','N',null,5);
Insert into RESERVATION (RESERVATION_NO,MEMBER_ID,BOARD_NO,ADULT,CHILD,RSV_DATE,RESERVATION_PHONE,DEPOSIT_YN,RESERVATION_STATUS,NOSHOW_YN,NO_SHOW) values (27,'geongrea',14,6,2,to_timestamp('21/03/22 18:30:00.000000000','RR/MM/DD HH24:MI:SSXFF'),'01085489321','Y','Y','N',0);
Insert into RESERVATION (RESERVATION_NO,MEMBER_ID,BOARD_NO,ADULT,CHILD,RSV_DATE,RESERVATION_PHONE,DEPOSIT_YN,RESERVATION_STATUS,NOSHOW_YN,NO_SHOW) values (28,'yockgoon',15,3,0,to_timestamp('21/03/24 13:30:00.000000000','RR/MM/DD HH24:MI:SSXFF'),'01054873546','Y','Y','N',0);
Insert into RESERVATION (RESERVATION_NO,MEMBER_ID,BOARD_NO,ADULT,CHILD,RSV_DATE,RESERVATION_PHONE,DEPOSIT_YN,RESERVATION_STATUS,NOSHOW_YN,NO_SHOW) values (29,'yonjo',19,5,1,to_timestamp('21/03/14 12:00:00.000000000','RR/MM/DD HH24:MI:SSXFF'),'01019681223','N',null,null,0);
Insert into RESERVATION (RESERVATION_NO,MEMBER_ID,BOARD_NO,ADULT,CHILD,RSV_DATE,RESERVATION_PHONE,DEPOSIT_YN,RESERVATION_STATUS,NOSHOW_YN,NO_SHOW) values (30,'jeonsun',20,2,0,to_timestamp('21/03/27 19:00:00.000000000','RR/MM/DD HH24:MI:SSXFF'),'01019570228','Y','Y','N',0);
Insert into RESERVATION (RESERVATION_NO,MEMBER_ID,BOARD_NO,ADULT,CHILD,RSV_DATE,RESERVATION_PHONE,DEPOSIT_YN,RESERVATION_STATUS,NOSHOW_YN,NO_SHOW) values (31,'kkungjeong',1,5,0,to_timestamp('21/03/12 19:00:00.000000000','RR/MM/DD HH24:MI:SSXFF'),'01075902105','Y','Y','N',0);
Insert into RESERVATION (RESERVATION_NO,MEMBER_ID,BOARD_NO,ADULT,CHILD,RSV_DATE,RESERVATION_PHONE,DEPOSIT_YN,RESERVATION_STATUS,NOSHOW_YN,NO_SHOW) values (32,'sasgas',1,4,0,to_timestamp('21/03/15 11:00:00.000000000','RR/MM/DD HH24:MI:SSXFF'),'01019720321','N','N',null,5);
Insert into RESERVATION (RESERVATION_NO,MEMBER_ID,BOARD_NO,ADULT,CHILD,RSV_DATE,RESERVATION_PHONE,DEPOSIT_YN,RESERVATION_STATUS,NOSHOW_YN,NO_SHOW) values (33,'geongrea',1,6,2,to_timestamp('21/03/22 12:30:00.000000000','RR/MM/DD HH24:MI:SSXFF'),'01085489321','Y','Y','N',0);
Insert into RESERVATION (RESERVATION_NO,MEMBER_ID,BOARD_NO,ADULT,CHILD,RSV_DATE,RESERVATION_PHONE,DEPOSIT_YN,RESERVATION_STATUS,NOSHOW_YN,NO_SHOW) values (34,'yockgoon',1,3,0,to_timestamp('21/03/21 13:30:00.000000000','RR/MM/DD HH24:MI:SSXFF'),'01054873546','Y','Y','N',0);
Insert into RESERVATION (RESERVATION_NO,MEMBER_ID,BOARD_NO,ADULT,CHILD,RSV_DATE,RESERVATION_PHONE,DEPOSIT_YN,RESERVATION_STATUS,NOSHOW_YN,NO_SHOW) values (35,'yonjo',1,5,1,to_timestamp('21/03/10 12:00:00.000000000','RR/MM/DD HH24:MI:SSXFF'),'01019681223','N','Y',null,0);
Insert into RESERVATION (RESERVATION_NO,MEMBER_ID,BOARD_NO,ADULT,CHILD,RSV_DATE,RESERVATION_PHONE,DEPOSIT_YN,RESERVATION_STATUS,NOSHOW_YN,NO_SHOW) values (36,'jeonsun',1,2,0,to_timestamp('21/03/27 19:00:00.000000000','RR/MM/DD HH24:MI:SSXFF'),'01019570228','Y','Y','N',0);
Insert into RESERVATION (RESERVATION_NO,MEMBER_ID,BOARD_NO,ADULT,CHILD,RSV_DATE,RESERVATION_PHONE,DEPOSIT_YN,RESERVATION_STATUS,NOSHOW_YN,NO_SHOW) values (37,'kkungjeong',1,5,0,to_timestamp('21/03/02 19:00:00.000000000','RR/MM/DD HH24:MI:SSXFF'),'01075902105','Y','Y','N',0);
Insert into RESERVATION (RESERVATION_NO,MEMBER_ID,BOARD_NO,ADULT,CHILD,RSV_DATE,RESERVATION_PHONE,DEPOSIT_YN,RESERVATION_STATUS,NOSHOW_YN,NO_SHOW) values (38,'sasgas',1,4,0,to_timestamp('21/03/11 11:00:00.000000000','RR/MM/DD HH24:MI:SSXFF'),'01019720321','N','N',null,5);
Insert into RESERVATION (RESERVATION_NO,MEMBER_ID,BOARD_NO,ADULT,CHILD,RSV_DATE,RESERVATION_PHONE,DEPOSIT_YN,RESERVATION_STATUS,NOSHOW_YN,NO_SHOW) values (39,'geongrea',1,6,2,to_timestamp('21/03/20 12:30:00.000000000','RR/MM/DD HH24:MI:SSXFF'),'01085489321','Y','Y','N',0);
Insert into RESERVATION (RESERVATION_NO,MEMBER_ID,BOARD_NO,ADULT,CHILD,RSV_DATE,RESERVATION_PHONE,DEPOSIT_YN,RESERVATION_STATUS,NOSHOW_YN,NO_SHOW) values (40,'yockgoon',1,3,0,to_timestamp('21/03/25 13:30:00.000000000','RR/MM/DD HH24:MI:SSXFF'),'01054873546','Y','Y','N',0);
Insert into RESERVATION (RESERVATION_NO,MEMBER_ID,BOARD_NO,ADULT,CHILD,RSV_DATE,RESERVATION_PHONE,DEPOSIT_YN,RESERVATION_STATUS,NOSHOW_YN,NO_SHOW) values (41,'yonjo',1,5,1,to_timestamp('21/03/12 15:00:00.000000000','RR/MM/DD HH24:MI:SSXFF'),'01019681223','N','Y',null,0);
Insert into RESERVATION (RESERVATION_NO,MEMBER_ID,BOARD_NO,ADULT,CHILD,RSV_DATE,RESERVATION_PHONE,DEPOSIT_YN,RESERVATION_STATUS,NOSHOW_YN,NO_SHOW) values (42,'jeonsun',1,2,0,to_timestamp('21/03/30 15:00:00.000000000','RR/MM/DD HH24:MI:SSXFF'),'01019570228','Y','Y','N',0);
Insert into RESERVATION (RESERVATION_NO,MEMBER_ID,BOARD_NO,ADULT,CHILD,RSV_DATE,RESERVATION_PHONE,DEPOSIT_YN,RESERVATION_STATUS,NOSHOW_YN,NO_SHOW) values (43,'kkungjeong',1,5,0,to_timestamp('21/03/04 21:00:00.000000000','RR/MM/DD HH24:MI:SSXFF'),'01075902105','Y','Y','N',0);
Insert into RESERVATION (RESERVATION_NO,MEMBER_ID,BOARD_NO,ADULT,CHILD,RSV_DATE,RESERVATION_PHONE,DEPOSIT_YN,RESERVATION_STATUS,NOSHOW_YN,NO_SHOW) values (44,'sasgas',1,4,0,to_timestamp('21/03/13 11:30:00.000000000','RR/MM/DD HH24:MI:SSXFF'),'01019720321','N','N',null,5);
Insert into RESERVATION (RESERVATION_NO,MEMBER_ID,BOARD_NO,ADULT,CHILD,RSV_DATE,RESERVATION_PHONE,DEPOSIT_YN,RESERVATION_STATUS,NOSHOW_YN,NO_SHOW) values (45,'geongrea',1,6,2,to_timestamp('21/03/22 13:30:00.000000000','RR/MM/DD HH24:MI:SSXFF'),'01085489321','Y','Y','N',0);
Insert into RESERVATION (RESERVATION_NO,MEMBER_ID,BOARD_NO,ADULT,CHILD,RSV_DATE,RESERVATION_PHONE,DEPOSIT_YN,RESERVATION_STATUS,NOSHOW_YN,NO_SHOW) values (46,'yockgoon',1,3,0,to_timestamp('21/03/28 17:30:00.000000000','RR/MM/DD HH24:MI:SSXFF'),'01054873546','Y','Y','N',0);
Insert into RESERVATION (RESERVATION_NO,MEMBER_ID,BOARD_NO,ADULT,CHILD,RSV_DATE,RESERVATION_PHONE,DEPOSIT_YN,RESERVATION_STATUS,NOSHOW_YN,NO_SHOW) values (47,'yonjo',1,5,1,to_timestamp('21/03/20 16:00:00.000000000','RR/MM/DD HH24:MI:SSXFF'),'01019681223','N','Y',null,0);
Insert into RESERVATION (RESERVATION_NO,MEMBER_ID,BOARD_NO,ADULT,CHILD,RSV_DATE,RESERVATION_PHONE,DEPOSIT_YN,RESERVATION_STATUS,NOSHOW_YN,NO_SHOW) values (59,'abc_123',1,1,1,to_timestamp('21/03/29 17:10:00.000000000','RR/MM/DD HH24:MI:SSXFF'),'01012341234','N','Y',null,0);
Insert into RESERVATION (RESERVATION_NO,MEMBER_ID,BOARD_NO,ADULT,CHILD,RSV_DATE,RESERVATION_PHONE,DEPOSIT_YN,RESERVATION_STATUS,NOSHOW_YN,NO_SHOW) values (49,'kkungjeong',1,5,0,to_timestamp('21/03/05 21:00:00.000000000','RR/MM/DD HH24:MI:SSXFF'),'01075902105','Y','Y','N',0);
Insert into RESERVATION (RESERVATION_NO,MEMBER_ID,BOARD_NO,ADULT,CHILD,RSV_DATE,RESERVATION_PHONE,DEPOSIT_YN,RESERVATION_STATUS,NOSHOW_YN,NO_SHOW) values (50,'sasgas',1,4,0,to_timestamp('21/04/02 11:30:00.000000000','RR/MM/DD HH24:MI:SSXFF'),'01019720321','N','N',null,5);
Insert into RESERVATION (RESERVATION_NO,MEMBER_ID,BOARD_NO,ADULT,CHILD,RSV_DATE,RESERVATION_PHONE,DEPOSIT_YN,RESERVATION_STATUS,NOSHOW_YN,NO_SHOW) values (51,'geongrea',1,6,2,to_timestamp('21/04/10 13:30:00.000000000','RR/MM/DD HH24:MI:SSXFF'),'01085489321','Y','Y','N',0);
Insert into RESERVATION (RESERVATION_NO,MEMBER_ID,BOARD_NO,ADULT,CHILD,RSV_DATE,RESERVATION_PHONE,DEPOSIT_YN,RESERVATION_STATUS,NOSHOW_YN,NO_SHOW) values (52,'yockgoon',1,3,0,to_timestamp('21/04/02 18:30:00.000000000','RR/MM/DD HH24:MI:SSXFF'),'01054873546','Y','Y','N',0);
Insert into RESERVATION (RESERVATION_NO,MEMBER_ID,BOARD_NO,ADULT,CHILD,RSV_DATE,RESERVATION_PHONE,DEPOSIT_YN,RESERVATION_STATUS,NOSHOW_YN,NO_SHOW) values (53,'yonjo',1,5,1,to_timestamp('21/03/20 16:00:00.000000000','RR/MM/DD HH24:MI:SSXFF'),'01019681223','N','Y',null,0);
Insert into RESERVATION (RESERVATION_NO,MEMBER_ID,BOARD_NO,ADULT,CHILD,RSV_DATE,RESERVATION_PHONE,DEPOSIT_YN,RESERVATION_STATUS,NOSHOW_YN,NO_SHOW) values (54,'jeonsun',1,2,0,to_timestamp('21/04/01 15:20:00.000000000','RR/MM/DD HH24:MI:SSXFF'),'01019570228','Y','Y','N',0);
Insert into RESERVATION (RESERVATION_NO,MEMBER_ID,BOARD_NO,ADULT,CHILD,RSV_DATE,RESERVATION_PHONE,DEPOSIT_YN,RESERVATION_STATUS,NOSHOW_YN,NO_SHOW) values (61,'abc_123',1,1,1,to_timestamp('21/03/15 12:50:00.000000000','RR/MM/DD HH24:MI:SSXFF'),'01012341234','N','Y',null,0);
Insert into RESERVATION (RESERVATION_NO,MEMBER_ID,BOARD_NO,ADULT,CHILD,RSV_DATE,RESERVATION_PHONE,DEPOSIT_YN,RESERVATION_STATUS,NOSHOW_YN,NO_SHOW) values (75,'nesnesh',1,1,1,to_timestamp('21/03/23 15:10:00.000000000','RR/MM/DD HH24:MI:SSXFF'),'01012341234','N','Y','N',0);
Insert into RESERVATION (RESERVATION_NO,MEMBER_ID,BOARD_NO,ADULT,CHILD,RSV_DATE,RESERVATION_PHONE,DEPOSIT_YN,RESERVATION_STATUS,NOSHOW_YN,NO_SHOW) values (76,'nesnesh',1,2,1,to_timestamp('21/04/05 16:20:00.000000000','RR/MM/DD HH24:MI:SSXFF'),'01012341234','N',null,'N',0);
Insert into RESERVATION (RESERVATION_NO,MEMBER_ID,BOARD_NO,ADULT,CHILD,RSV_DATE,RESERVATION_PHONE,DEPOSIT_YN,RESERVATION_STATUS,NOSHOW_YN,NO_SHOW) values (98,'sockdo',15,1,1,to_timestamp('21/03/11 12:40:00.000000000','RR/MM/DD HH24:MI:SSXFF'),'01012341234','N','Y','N',0);
Insert into RESERVATION (RESERVATION_NO,MEMBER_ID,BOARD_NO,ADULT,CHILD,RSV_DATE,RESERVATION_PHONE,DEPOSIT_YN,RESERVATION_STATUS,NOSHOW_YN,NO_SHOW) values (101,'sasgas',1,2,0,to_timestamp('21/03/24 11:50:00.000000000','RR/MM/DD HH24:MI:SSXFF'),'01019720321','Y','Y',null,5);
Insert into RESERVATION (RESERVATION_NO,MEMBER_ID,BOARD_NO,ADULT,CHILD,RSV_DATE,RESERVATION_PHONE,DEPOSIT_YN,RESERVATION_STATUS,NOSHOW_YN,NO_SHOW) values (103,'nesnesh',1,1,1,to_timestamp('21/03/30 12:30:00.000000000','RR/MM/DD HH24:MI:SSXFF'),'01012341234','N','Y',null,0);
Insert into RESERVATION (RESERVATION_NO,MEMBER_ID,BOARD_NO,ADULT,CHILD,RSV_DATE,RESERVATION_PHONE,DEPOSIT_YN,RESERVATION_STATUS,NOSHOW_YN,NO_SHOW) values (72,'shift',1,2,1,to_timestamp('21/03/15 17:30:00.000000000','RR/MM/DD HH24:MI:SSXFF'),'01090215582','N','Y',null,0);
Insert into RESERVATION (RESERVATION_NO,MEMBER_ID,BOARD_NO,ADULT,CHILD,RSV_DATE,RESERVATION_PHONE,DEPOSIT_YN,RESERVATION_STATUS,NOSHOW_YN,NO_SHOW) values (80,'sasgas',1,2,0,to_timestamp('21/04/27 12:30:00.000000000','RR/MM/DD HH24:MI:SSXFF'),'01019720321','N','Y',null,5);
Insert into RESERVATION (RESERVATION_NO,MEMBER_ID,BOARD_NO,ADULT,CHILD,RSV_DATE,RESERVATION_PHONE,DEPOSIT_YN,RESERVATION_STATUS,NOSHOW_YN,NO_SHOW) values (73,'shift',1,2,1,to_timestamp('21/03/15 17:30:00.000000000','RR/MM/DD HH24:MI:SSXFF'),'01090215582','N','Y',null,0);
Insert into RESERVATION (RESERVATION_NO,MEMBER_ID,BOARD_NO,ADULT,CHILD,RSV_DATE,RESERVATION_PHONE,DEPOSIT_YN,RESERVATION_STATUS,NOSHOW_YN,NO_SHOW) values (82,'sasgas',1,2,0,to_timestamp('21/04/29 13:30:00.000000000','RR/MM/DD HH24:MI:SSXFF'),'01019720321','N','Y',null,5);
Insert into RESERVATION (RESERVATION_NO,MEMBER_ID,BOARD_NO,ADULT,CHILD,RSV_DATE,RESERVATION_PHONE,DEPOSIT_YN,RESERVATION_STATUS,NOSHOW_YN,NO_SHOW) values (83,'sasgas',1,2,0,to_timestamp('21/05/04 13:00:00.000000000','RR/MM/DD HH24:MI:SSXFF'),'01019720321','N','Y',null,5);
Insert into RESERVATION (RESERVATION_NO,MEMBER_ID,BOARD_NO,ADULT,CHILD,RSV_DATE,RESERVATION_PHONE,DEPOSIT_YN,RESERVATION_STATUS,NOSHOW_YN,NO_SHOW) values (87,'sasgas',1,3,1,to_timestamp('21/05/12 18:00:00.000000000','RR/MM/DD HH24:MI:SSXFF'),'01019720321','Y','Y',null,5);
Insert into RESERVATION (RESERVATION_NO,MEMBER_ID,BOARD_NO,ADULT,CHILD,RSV_DATE,RESERVATION_PHONE,DEPOSIT_YN,RESERVATION_STATUS,NOSHOW_YN,NO_SHOW) values (88,'sasgas',1,1,0,to_timestamp('21/05/13 18:00:00.000000000','RR/MM/DD HH24:MI:SSXFF'),'01019720321','N','Y',null,5);
Insert into RESERVATION (RESERVATION_NO,MEMBER_ID,BOARD_NO,ADULT,CHILD,RSV_DATE,RESERVATION_PHONE,DEPOSIT_YN,RESERVATION_STATUS,NOSHOW_YN,NO_SHOW) values (89,'geongrea',1,1,0,to_timestamp('21/03/25 18:00:00.000000000','RR/MM/DD HH24:MI:SSXFF'),'01085489321','N','Y',null,0);
Insert into RESERVATION (RESERVATION_NO,MEMBER_ID,BOARD_NO,ADULT,CHILD,RSV_DATE,RESERVATION_PHONE,DEPOSIT_YN,RESERVATION_STATUS,NOSHOW_YN,NO_SHOW) values (95,'nesnesh',1,1,1,to_timestamp('21/03/11 16:10:00.000000000','RR/MM/DD HH24:MI:SSXFF'),'01012341234','N','Y','N',0);
Insert into RESERVATION (RESERVATION_NO,MEMBER_ID,BOARD_NO,ADULT,CHILD,RSV_DATE,RESERVATION_PHONE,DEPOSIT_YN,RESERVATION_STATUS,NOSHOW_YN,NO_SHOW) values (97,'sockdo',1,1,1,to_timestamp('21/03/22 17:20:00.000000000','RR/MM/DD HH24:MI:SSXFF'),'01012341234','N','N','N',0);
Insert into RESERVATION (RESERVATION_NO,MEMBER_ID,BOARD_NO,ADULT,CHILD,RSV_DATE,RESERVATION_PHONE,DEPOSIT_YN,RESERVATION_STATUS,NOSHOW_YN,NO_SHOW) values (104,'jake',1,3,0,to_timestamp('21/03/19 16:30:00.000000000','RR/MM/DD HH24:MI:SSXFF'),'01000001111','Y','Y','Y',0);
Insert into RESERVATION (RESERVATION_NO,MEMBER_ID,BOARD_NO,ADULT,CHILD,RSV_DATE,RESERVATION_PHONE,DEPOSIT_YN,RESERVATION_STATUS,NOSHOW_YN,NO_SHOW) values (77,'nesnesh',1,2,1,to_timestamp('21/03/22 14:15:00.000000000','RR/MM/DD HH24:MI:SSXFF'),'01012341234','N','Y','N',0);
Insert into RESERVATION (RESERVATION_NO,MEMBER_ID,BOARD_NO,ADULT,CHILD,RSV_DATE,RESERVATION_PHONE,DEPOSIT_YN,RESERVATION_STATUS,NOSHOW_YN,NO_SHOW) values (96,'sasgas',1,1,1,to_timestamp('21/04/03 18:00:00.000000000','RR/MM/DD HH24:MI:SSXFF'),'01019720321','Y','Y','Y',5);
Insert into RESERVATION (RESERVATION_NO,MEMBER_ID,BOARD_NO,ADULT,CHILD,RSV_DATE,RESERVATION_PHONE,DEPOSIT_YN,RESERVATION_STATUS,NOSHOW_YN,NO_SHOW) values (99,'sockdo',9,1,1,to_timestamp('21/03/22 15:20:00.000000000','RR/MM/DD HH24:MI:SSXFF'),'01012341234','N',null,'N',0);
REM INSERTING into REVIEW
SET DEFINE OFF;
Insert into REVIEW (REVIEW_NO,REVIEW_CONTENT,REVIEW_DATE,RATING,BOARD_NO,MEMBER_ID,REVIEW_DEL_YN,REVIEWORIGINALFILENAME1,REVIEWORIGINALFILENAME2,REVIEWORIGINALFILENAME3,REVIEWRENAMEDFILENAME1,REVIEWRENAMEDFILENAME2,REVIEWRENAMEDFILENAME3) values (89,'아몬드 크루아상 먹었는데 바삭하고 담백 향긋.. 또 가고싶어요',to_date('21/03/07','RR/MM/DD'),5,12,'sockdo','N',null,null,null,null,null,null);
Insert into REVIEW (REVIEW_NO,REVIEW_CONTENT,REVIEW_DATE,RATING,BOARD_NO,MEMBER_ID,REVIEW_DEL_YN,REVIEWORIGINALFILENAME1,REVIEWORIGINALFILENAME2,REVIEWORIGINALFILENAME3,REVIEWRENAMEDFILENAME1,REVIEWRENAMEDFILENAME2,REVIEWRENAMEDFILENAME3) values (90,'다 맛있습니다 샌드위치, 크루아상, 케이크 다 맛있지만 가격이 비싸고 가게가 좁아서 먹고가기 힘들어요',to_date('21/03/07','RR/MM/DD'),4,12,'park22','N',null,null,null,null,null,null);
Insert into REVIEW (REVIEW_NO,REVIEW_CONTENT,REVIEW_DATE,RATING,BOARD_NO,MEMBER_ID,REVIEW_DEL_YN,REVIEWORIGINALFILENAME1,REVIEWORIGINALFILENAME2,REVIEWORIGINALFILENAME3,REVIEWRENAMEDFILENAME1,REVIEWRENAMEDFILENAME2,REVIEWRENAMEDFILENAME3) values (91,'와..진짜 맛있어요 얼그레이 스모어 진짜 얼그레이 향이 엄청나요 완전 강추입니다!',to_date('21/03/07','RR/MM/DD'),4,12,'latte','N',null,null,null,null,null,null);
Insert into REVIEW (REVIEW_NO,REVIEW_CONTENT,REVIEW_DATE,RATING,BOARD_NO,MEMBER_ID,REVIEW_DEL_YN,REVIEWORIGINALFILENAME1,REVIEWORIGINALFILENAME2,REVIEWORIGINALFILENAME3,REVIEWRENAMEDFILENAME1,REVIEWRENAMEDFILENAME2,REVIEWRENAMEDFILENAME3) values (92,'유명하다고 해서 직접 방문해 보았습니다. 유명한 이유가 있었네요 먹으면서 너무 맛있어서 감탄했습니다 ㅜㅜ존맛탱',to_date('21/03/07','RR/MM/DD'),4,12,'kimgu','N',null,null,null,null,null,null);
Insert into REVIEW (REVIEW_NO,REVIEW_CONTENT,REVIEW_DATE,RATING,BOARD_NO,MEMBER_ID,REVIEW_DEL_YN,REVIEWORIGINALFILENAME1,REVIEWORIGINALFILENAME2,REVIEWORIGINALFILENAME3,REVIEWRENAMEDFILENAME1,REVIEWRENAMEDFILENAME2,REVIEWRENAMEDFILENAME3) values (87,'와 남자친구랑 또 오고싶은 맛이다! 
뭔가 텁텁할 듯한 딤섬이 상쾌한 맛을 주니 더 없이 만족스럽다. 물론 4개 들이로 두 판 먹었다. 찹살튀김 같은 함수각도 성공적',to_date('21/03/07','RR/MM/DD'),4,1,'honggd','N','쥬에10.PNG','쥬에11.jpg','쥬에12.jpg','20210307_162324154_980.PNG','20210307_162324170_926.jpg','20210307_162324173_660.jpg');
Insert into REVIEW (REVIEW_NO,REVIEW_CONTENT,REVIEW_DATE,RATING,BOARD_NO,MEMBER_ID,REVIEW_DEL_YN,REVIEWORIGINALFILENAME1,REVIEWORIGINALFILENAME2,REVIEWORIGINALFILENAME3,REVIEWRENAMEDFILENAME1,REVIEWRENAMEDFILENAME2,REVIEWRENAMEDFILENAME3) values (93,'이모님이 넘 유쾌히시고 친절하시다 담백하고 맛있어요 재료도 좋은거 쓰시나 냄새도 없고 신선합니당 볶음밥도 너무 맛있음~',to_date('21/03/07','RR/MM/DD'),5,7,'nesnesh','Y',null,null,null,null,null,null);
Insert into REVIEW (REVIEW_NO,REVIEW_CONTENT,REVIEW_DATE,RATING,BOARD_NO,MEMBER_ID,REVIEW_DEL_YN,REVIEWORIGINALFILENAME1,REVIEWORIGINALFILENAME2,REVIEWORIGINALFILENAME3,REVIEWRENAMEDFILENAME1,REVIEWRENAMEDFILENAME2,REVIEWRENAMEDFILENAME3) values (94,'비싸다.. 그런데 먹어보면 가격이 이해가 된다. 반찬도 너무 맛있다 보쌈김치로 무한 무료 제공인데 너무 맛있어서 계속 먹었다 직원분들도 정말 친절하시다',to_date('21/03/07','RR/MM/DD'),5,9,'nesnesh','Y',null,null,null,null,null,null);
Insert into REVIEW (REVIEW_NO,REVIEW_CONTENT,REVIEW_DATE,RATING,BOARD_NO,MEMBER_ID,REVIEW_DEL_YN,REVIEWORIGINALFILENAME1,REVIEWORIGINALFILENAME2,REVIEWORIGINALFILENAME3,REVIEWRENAMEDFILENAME1,REVIEWRENAMEDFILENAME2,REVIEWRENAMEDFILENAME3) values (88,'빵종류가 엄청 다양한데 진짜 하나같이 다 맛있어요 직원분들도 친절하고 역시 소문난 맛집은 다르네요
근데 코로나때문에 먹고가는건 안된다고하니 참고하세요~',to_date('21/03/07','RR/MM/DD'),4,12,'nesnesh','N',null,null,null,null,null,null);
Insert into REVIEW (REVIEW_NO,REVIEW_CONTENT,REVIEW_DATE,RATING,BOARD_NO,MEMBER_ID,REVIEW_DEL_YN,REVIEWORIGINALFILENAME1,REVIEWORIGINALFILENAME2,REVIEWORIGINALFILENAME3,REVIEWRENAMEDFILENAME1,REVIEWRENAMEDFILENAME2,REVIEWRENAMEDFILENAME3) values (95,'인테리어가 굉장히 심플하다. 디저트도 적당히 달고 1도 느끼하지 않은 깔끔한 맛 몽블랑이 유명하다고 하는데 다음에는 몽블랑 먹어봐야겠다',to_date('21/03/07','RR/MM/DD'),3,14,'nesnesh','N',null,null,null,null,null,null);
Insert into REVIEW (REVIEW_NO,REVIEW_CONTENT,REVIEW_DATE,RATING,BOARD_NO,MEMBER_ID,REVIEW_DEL_YN,REVIEWORIGINALFILENAME1,REVIEWORIGINALFILENAME2,REVIEWORIGINALFILENAME3,REVIEWRENAMEDFILENAME1,REVIEWRENAMEDFILENAME2,REVIEWRENAMEDFILENAME3) values (96,'입에서 살살 녹는다..사장님도 친절하시고 가성비도 너무 좋다 ',to_date('21/03/07','RR/MM/DD'),3,16,'nesnesh','N',null,null,null,null,null,null);
Insert into REVIEW (REVIEW_NO,REVIEW_CONTENT,REVIEW_DATE,RATING,BOARD_NO,MEMBER_ID,REVIEW_DEL_YN,REVIEWORIGINALFILENAME1,REVIEWORIGINALFILENAME2,REVIEWORIGINALFILENAME3,REVIEWRENAMEDFILENAME1,REVIEWRENAMEDFILENAME2,REVIEWRENAMEDFILENAME3) values (97,'유명한 진만두! 사장님이 정성스럽게 준비해주신 차가 너무 맛있었습니다~~ 만두도 맛있었구요 군만두인데도 기름이 적당하고 고소하면서 촉촉했어요 얇은 만두피와 진한 육즙.. 먹으면서 감탄했습니다~~',to_date('21/03/07','RR/MM/DD'),4,17,'nesnesh','N',null,null,null,null,null,null);
Insert into REVIEW (REVIEW_NO,REVIEW_CONTENT,REVIEW_DATE,RATING,BOARD_NO,MEMBER_ID,REVIEW_DEL_YN,REVIEWORIGINALFILENAME1,REVIEWORIGINALFILENAME2,REVIEWORIGINALFILENAME3,REVIEWRENAMEDFILENAME1,REVIEWRENAMEDFILENAME2,REVIEWRENAMEDFILENAME3) values (98,'도우가..완전 바삭바삭해요 특히 페페로니 피자 완전 바삭하고 짭쪼롬해서 맛있어요',to_date('21/03/07','RR/MM/DD'),3,21,'nesnesh','N',null,null,null,null,null,null);
Insert into REVIEW (REVIEW_NO,REVIEW_CONTENT,REVIEW_DATE,RATING,BOARD_NO,MEMBER_ID,REVIEW_DEL_YN,REVIEWORIGINALFILENAME1,REVIEWORIGINALFILENAME2,REVIEWORIGINALFILENAME3,REVIEWRENAMEDFILENAME1,REVIEWRENAMEDFILENAME2,REVIEWRENAMEDFILENAME3) values (99,'생일 기념으로 다녀왔습니다 입장하자마자 직원분들이 친절하게 안내해주셨어요 다양한 식재료들을 사용하셔서 보는 재미가 있었습니다. ',to_date('21/03/07','RR/MM/DD'),3,23,'nesnesh','N',null,null,null,null,null,null);
Insert into REVIEW (REVIEW_NO,REVIEW_CONTENT,REVIEW_DATE,RATING,BOARD_NO,MEMBER_ID,REVIEW_DEL_YN,REVIEWORIGINALFILENAME1,REVIEWORIGINALFILENAME2,REVIEWORIGINALFILENAME3,REVIEWRENAMEDFILENAME1,REVIEWRENAMEDFILENAME2,REVIEWRENAMEDFILENAME3) values (124,'한우 주물럭 맛나요! 가격은 비싸요! ^^
동치미국수 맛있어요!!! 
후식으로 주는 식혜도 짱이예요~
고기 나오고 정신없이 먹느라 사진은 없네요 ㅋㅋㅋ',to_date('21/03/09','RR/MM/DD'),5,2,'latte','N','원조조박집1.jpg','원조조박집2.jpg','원조조박집3.jpg','20210309_112119460_660.jpg','20210309_112119474_685.jpg','20210309_112119481_629.jpg');
Insert into REVIEW (REVIEW_NO,REVIEW_CONTENT,REVIEW_DATE,RATING,BOARD_NO,MEMBER_ID,REVIEW_DEL_YN,REVIEWORIGINALFILENAME1,REVIEWORIGINALFILENAME2,REVIEWORIGINALFILENAME3,REVIEWRENAMEDFILENAME1,REVIEWRENAMEDFILENAME2,REVIEWRENAMEDFILENAME3) values (125,'오호 또올라니깐 준비해두쇼',to_date('21/03/09','RR/MM/DD'),4,2,'latte','N','조박집4.PNG','조박집5.PNG','조박집6.PNG','20210309_124513274_931.PNG','20210309_124513288_059.PNG','20210309_124513300_701.PNG');
Insert into REVIEW (REVIEW_NO,REVIEW_CONTENT,REVIEW_DATE,RATING,BOARD_NO,MEMBER_ID,REVIEW_DEL_YN,REVIEWORIGINALFILENAME1,REVIEWORIGINALFILENAME2,REVIEWORIGINALFILENAME3,REVIEWRENAMEDFILENAME1,REVIEWRENAMEDFILENAME2,REVIEWRENAMEDFILENAME3) values (137,'주기적으로 먹어줘야하는게 떡볶이 아닙니까....
ㄹㅇ 여기는 진짜 아주 굳 지점이 여러개있는데 여기가 제일 좋은거같아요',to_date('21/03/09','RR/MM/DD'),4,15,'kkungjeong','N','또1.PNG','또2.PNG','또3.PNG','20210309_145625053_790.PNG','20210309_145625067_697.PNG','20210309_145625073_986.PNG');
Insert into REVIEW (REVIEW_NO,REVIEW_CONTENT,REVIEW_DATE,RATING,BOARD_NO,MEMBER_ID,REVIEW_DEL_YN,REVIEWORIGINALFILENAME1,REVIEWORIGINALFILENAME2,REVIEWORIGINALFILENAME3,REVIEWRENAMEDFILENAME1,REVIEWRENAMEDFILENAME2,REVIEWRENAMEDFILENAME3) values (139,'항상 갈때마다 만두가 소진되어서 헛걸음으로 돌아가던곳 ㅠㅠ 요번에는 볼일도 있겟다 일찍 가서 오랫만에 먹어봣는대 역시나 대존맛 항상 갈때마다 커플세트만 먹는대 가볍게 하이볼이나 사와랑 먹었을깨도 잘어울리고 소주랑도 너무 잘어울려서 집앞에만 있다면 맨날 가고싶은집 만두 좋아하시는 분이라면 무조건 한번쯤 가보셔도 좋을거같아요',to_date('21/03/09','RR/MM/DD'),5,17,'shift','N','진만두1.PNG','진만두2.PNG','진만두3.PNG','20210309_150154551_942.PNG','20210309_150154565_927.PNG','20210309_150154569_860.PNG');
Insert into REVIEW (REVIEW_NO,REVIEW_CONTENT,REVIEW_DATE,RATING,BOARD_NO,MEMBER_ID,REVIEW_DEL_YN,REVIEWORIGINALFILENAME1,REVIEWORIGINALFILENAME2,REVIEWORIGINALFILENAME3,REVIEWRENAMEDFILENAME1,REVIEWRENAMEDFILENAME2,REVIEWRENAMEDFILENAME3) values (143,'할라피뇨가 올라간 그린초리조가 매콤해서 잘 어울림. 가지 올라간 스퀘어피자도 맛있음! 두명이서 네조각정도면 충분하고, 5조각이면 마지막 한조각정도는 다시 데워달라 부탁드려야할 수도.',to_date('21/03/09','RR/MM/DD'),4,21,'park22','N','매덕스1.PNG','매덕스2.jpg','매덕스3.jpg','20210309_151537041_120.PNG','20210309_151537059_259.jpg','20210309_151537078_766.jpg');
Insert into REVIEW (REVIEW_NO,REVIEW_CONTENT,REVIEW_DATE,RATING,BOARD_NO,MEMBER_ID,REVIEW_DEL_YN,REVIEWORIGINALFILENAME1,REVIEWORIGINALFILENAME2,REVIEWORIGINALFILENAME3,REVIEWRENAMEDFILENAME1,REVIEWRENAMEDFILENAME2,REVIEWRENAMEDFILENAME3) values (144,'제 생일날 갔다왔는데 회전율 진짜 빨라서 기다릴만해요. 육회는 진짜 여기 먹으면 다른데서는 못먹겠어요',to_date('21/03/09','RR/MM/DD'),4,22,'nesnesh','N','부촌1.PNG','부촌2.jpg','부촌3.jpg','20210309_152136820_426.PNG','20210309_152136830_800.jpg','20210309_152136843_610.jpg');
Insert into REVIEW (REVIEW_NO,REVIEW_CONTENT,REVIEW_DATE,RATING,BOARD_NO,MEMBER_ID,REVIEW_DEL_YN,REVIEWORIGINALFILENAME1,REVIEWORIGINALFILENAME2,REVIEWORIGINALFILENAME3,REVIEWRENAMEDFILENAME1,REVIEWRENAMEDFILENAME2,REVIEWRENAMEDFILENAME3) values (145,'다채로운 식재료가 인상깊었던 곳 음식구성도 만족스럽고, 테이블간격도 넓어서 좋았습니다. 모든 메뉴들에 다양한 식재료들을 사용하셔서 시각, 미각 모두 만족스러운 경험이였어요. ',to_date('21/03/09','RR/MM/DD'),5,23,'nesnesh','N','알라1.PNG','알라2.PNG','알라3.PNG','20210309_152518619_924.PNG','20210309_152518628_720.PNG','20210309_152518633_458.PNG');
Insert into REVIEW (REVIEW_NO,REVIEW_CONTENT,REVIEW_DATE,RATING,BOARD_NO,MEMBER_ID,REVIEW_DEL_YN,REVIEWORIGINALFILENAME1,REVIEWORIGINALFILENAME2,REVIEWORIGINALFILENAME3,REVIEWRENAMEDFILENAME1,REVIEWRENAMEDFILENAME2,REVIEWRENAMEDFILENAME3) values (147,'솔직히 이 가격에 이 정도 구성을 내주시는데 불평할 수 있을까! 게다가 오픈 이벤트를 활용해서 만원 할인까지 받았으니 더더욱 만족.',to_date('21/03/09','RR/MM/DD'),5,25,'gsegesg','N','스시1.PNG','스시2.PNG','스시3.PNG','20210309_153020498_964.PNG','20210309_153020507_494.PNG','20210309_153020511_812.PNG');
Insert into REVIEW (REVIEW_NO,REVIEW_CONTENT,REVIEW_DATE,RATING,BOARD_NO,MEMBER_ID,REVIEW_DEL_YN,REVIEWORIGINALFILENAME1,REVIEWORIGINALFILENAME2,REVIEWORIGINALFILENAME3,REVIEWRENAMEDFILENAME1,REVIEWRENAMEDFILENAME2,REVIEWRENAMEDFILENAME3) values (180,'맛있다',to_date('21/03/12','RR/MM/DD'),4,29,'sfawsf','N','해룡6.PNG','해룡7.PNG','해룡8.PNG','20210312_000546027_068.PNG','20210312_000546047_230.PNG','20210312_000546055_849.PNG');
Insert into REVIEW (REVIEW_NO,REVIEW_CONTENT,REVIEW_DATE,RATING,BOARD_NO,MEMBER_ID,REVIEW_DEL_YN,REVIEWORIGINALFILENAME1,REVIEWORIGINALFILENAME2,REVIEWORIGINALFILENAME3,REVIEWRENAMEDFILENAME1,REVIEWRENAMEDFILENAME2,REVIEWRENAMEDFILENAME3) values (104,'돈코츠 라멘 먹었습니다 깔끔하고 짠 맛도 적당해서 너무너무 맛있었네요. 토마토쯔케모노 너무 맛있어요 새콤하고 달달한 맛... 꼭 같이드세요!',to_date('21/03/08','RR/MM/DD'),4,5,'nesnesh','N',null,null,null,null,null,null);
Insert into REVIEW (REVIEW_NO,REVIEW_CONTENT,REVIEW_DATE,RATING,BOARD_NO,MEMBER_ID,REVIEW_DEL_YN,REVIEWORIGINALFILENAME1,REVIEWORIGINALFILENAME2,REVIEWORIGINALFILENAME3,REVIEWRENAMEDFILENAME1,REVIEWRENAMEDFILENAME2,REVIEWRENAMEDFILENAME3) values (64,'여깅료',to_date('21/03/06','RR/MM/DD'),0,1,'honggd','N',null,null,null,null,null,null);
Insert into REVIEW (REVIEW_NO,REVIEW_CONTENT,REVIEW_DATE,RATING,BOARD_NO,MEMBER_ID,REVIEW_DEL_YN,REVIEWORIGINALFILENAME1,REVIEWORIGINALFILENAME2,REVIEWORIGINALFILENAME3,REVIEWRENAMEDFILENAME1,REVIEWRENAMEDFILENAME2,REVIEWRENAMEDFILENAME3) values (105,'신선하고 비린내 하나도 없다 너무너무 맛있게 잘 먹었고 또 가고싶다 ㅠㅠㅠ',to_date('21/03/08','RR/MM/DD'),5,4,'nesnesh','N',null,null,null,null,null,null);
Insert into REVIEW (REVIEW_NO,REVIEW_CONTENT,REVIEW_DATE,RATING,BOARD_NO,MEMBER_ID,REVIEW_DEL_YN,REVIEWORIGINALFILENAME1,REVIEWORIGINALFILENAME2,REVIEWORIGINALFILENAME3,REVIEWRENAMEDFILENAME1,REVIEWRENAMEDFILENAME2,REVIEWRENAMEDFILENAME3) values (106,'특별한 맛은 아니지만 맛있다. 육회시키면 주는 소고기무국도 맛있었다.',to_date('21/03/08','RR/MM/DD'),3,22,'nesnesh','N',null,null,null,null,null,null);
Insert into REVIEW (REVIEW_NO,REVIEW_CONTENT,REVIEW_DATE,RATING,BOARD_NO,MEMBER_ID,REVIEW_DEL_YN,REVIEWORIGINALFILENAME1,REVIEWORIGINALFILENAME2,REVIEWORIGINALFILENAME3,REVIEWRENAMEDFILENAME1,REVIEWRENAMEDFILENAME2,REVIEWRENAMEDFILENAME3) values (107,'넘 맛있다.. 부추만두 새우만두 쫀득쫀득 탱글탱글 너무 맛있음! 가격도  저렴하다~(╹ڡ╹ )',to_date('21/03/08','RR/MM/DD'),4,28,'nesnesh','N',null,null,null,null,null,null);
Insert into REVIEW (REVIEW_NO,REVIEW_CONTENT,REVIEW_DATE,RATING,BOARD_NO,MEMBER_ID,REVIEW_DEL_YN,REVIEWORIGINALFILENAME1,REVIEWORIGINALFILENAME2,REVIEWORIGINALFILENAME3,REVIEWRENAMEDFILENAME1,REVIEWRENAMEDFILENAME2,REVIEWRENAMEDFILENAME3) values (108,'메뉴가 다양하게 구성되어 있어서 놀랐어요! 그 중에서 고추 탕수육 먹었는데 진짜 진짜 맛있었어요! 매콤달콤해서 매운거 잘 못드시는 분들도 충분히 드실만 합니다 ㅋㅋㅋ ',to_date('21/03/08','RR/MM/DD'),4,29,'nesnesh','N',null,null,null,null,null,null);
Insert into REVIEW (REVIEW_NO,REVIEW_CONTENT,REVIEW_DATE,RATING,BOARD_NO,MEMBER_ID,REVIEW_DEL_YN,REVIEWORIGINALFILENAME1,REVIEWORIGINALFILENAME2,REVIEWORIGINALFILENAME3,REVIEWRENAMEDFILENAME1,REVIEWRENAMEDFILENAME2,REVIEWRENAMEDFILENAME3) values (126,'질깃하면서 툭툭끊어지는 면발 소금맛만 조금나고 풍미라고는 없는 국물, 평양냉면을 종종 사먹지만 유난히 공허한 국물맛',to_date('21/03/09','RR/MM/DD'),3,3,'latte','N','을밀대1.PNG','을밀대2.PNG','을밀대3.PNG','20210309_142153958_594.PNG','20210309_142153971_771.PNG','20210309_142153978_489.PNG');
Insert into REVIEW (REVIEW_NO,REVIEW_CONTENT,REVIEW_DATE,RATING,BOARD_NO,MEMBER_ID,REVIEW_DEL_YN,REVIEWORIGINALFILENAME1,REVIEWORIGINALFILENAME2,REVIEWORIGINALFILENAME3,REVIEWRENAMEDFILENAME1,REVIEWRENAMEDFILENAME2,REVIEWRENAMEDFILENAME3) values (127,'진미식당 미쳤나 존맛탱;',to_date('21/03/09','RR/MM/DD'),5,4,'yonjo','N','진민1.PNG','진미3.PNG','진미2.PNG','20210309_142540794_838.PNG','20210309_142540806_214.PNG','20210309_142540821_785.PNG');
Insert into REVIEW (REVIEW_NO,REVIEW_CONTENT,REVIEW_DATE,RATING,BOARD_NO,MEMBER_ID,REVIEW_DEL_YN,REVIEWORIGINALFILENAME1,REVIEWORIGINALFILENAME2,REVIEWORIGINALFILENAME3,REVIEWRENAMEDFILENAME1,REVIEWRENAMEDFILENAME2,REVIEWRENAMEDFILENAME3) values (129,'은근 소문난 동네 맛집입니다. 제일 작은 사이즈가 작은 닭 한마리 반 들어간거로 알아요. 저는 혼자 다먹음ㅇㅇ',to_date('21/03/09','RR/MM/DD'),5,6,'jeonsun','N','장원1.PNG','장원2.PNG','장원3.PNG','20210309_143028182_821.PNG','20210309_143028194_765.PNG','20210309_143028203_525.PNG');
Insert into REVIEW (REVIEW_NO,REVIEW_CONTENT,REVIEW_DATE,RATING,BOARD_NO,MEMBER_ID,REVIEW_DEL_YN,REVIEWORIGINALFILENAME1,REVIEWORIGINALFILENAME2,REVIEWORIGINALFILENAME3,REVIEWRENAMEDFILENAME1,REVIEWRENAMEDFILENAME2,REVIEWRENAMEDFILENAME3) values (130,'곱창은 배신하지 않긔',to_date('21/03/09','RR/MM/DD'),5,7,'seokyoung','N','황소곱1.PNG','황소곱2.PNG','황소곱3.PNG','20210309_143657915_351.PNG','20210309_143657927_228.PNG','20210309_143657933_461.PNG');
Insert into REVIEW (REVIEW_NO,REVIEW_CONTENT,REVIEW_DATE,RATING,BOARD_NO,MEMBER_ID,REVIEW_DEL_YN,REVIEWORIGINALFILENAME1,REVIEWORIGINALFILENAME2,REVIEWORIGINALFILENAME3,REVIEWRENAMEDFILENAME1,REVIEWRENAMEDFILENAME2,REVIEWRENAMEDFILENAME3) values (131,'좋고 쫀득쫀득한 오향족발!! 약간 그 달달한 맛이 너어어무 맛있어서 껍데기를 아주 입에 달고 먹었네요ㅠㅠ 아직도 생각만하면 침고여요. 역시 족발집중에선 갑 퓨 막국수 너무 커서 비빔면시켰는데 둘이서 같이먹기에도 딱이었고 살짝매콤하면서도 새콤달콤한게 족발과 정말 잘어울렸어요. 역시 사먹는 비빔면이 최고시다',to_date('21/03/09','RR/MM/DD'),5,8,'yanyoong','N','오향1.PNG','오향2.PNG','오향3.PNG','20210309_143950994_827.PNG','20210309_143951006_706.PNG','20210309_143951012_799.PNG');
Insert into REVIEW (REVIEW_NO,REVIEW_CONTENT,REVIEW_DATE,RATING,BOARD_NO,MEMBER_ID,REVIEW_DEL_YN,REVIEWORIGINALFILENAME1,REVIEWORIGINALFILENAME2,REVIEWORIGINALFILENAME3,REVIEWRENAMEDFILENAME1,REVIEWRENAMEDFILENAME2,REVIEWRENAMEDFILENAME3) values (132,'가격 너무 비싸요...근데 맛이 정말 맛있는데 너무 비싸서... 이번 생에 또 올수있을지는 잘 모르겠어요',to_date('21/03/09','RR/MM/DD'),3,9,'yockgoon','N','원조조박집1.jpg','원조조박집2.jpg','원조조박집3.jpg','20210309_144205880_099.jpg','20210309_144205897_608.jpg','20210309_144205908_296.jpg');
Insert into REVIEW (REVIEW_NO,REVIEW_CONTENT,REVIEW_DATE,RATING,BOARD_NO,MEMBER_ID,REVIEW_DEL_YN,REVIEWORIGINALFILENAME1,REVIEWORIGINALFILENAME2,REVIEWORIGINALFILENAME3,REVIEWRENAMEDFILENAME1,REVIEWRENAMEDFILENAME2,REVIEWRENAMEDFILENAME3) values (135,'도-죠',to_date('21/03/09','RR/MM/DD'),5,13,'sockdo','N','타쿠미1.PNG','타쿠미2.PNG','타쿠미3.PNG','20210309_145055473_364.PNG','20210309_145055487_074.PNG','20210309_145055494_552.PNG');
Insert into REVIEW (REVIEW_NO,REVIEW_CONTENT,REVIEW_DATE,RATING,BOARD_NO,MEMBER_ID,REVIEW_DEL_YN,REVIEWORIGINALFILENAME1,REVIEWORIGINALFILENAME2,REVIEWORIGINALFILENAME3,REVIEWRENAMEDFILENAME1,REVIEWRENAMEDFILENAME2,REVIEWRENAMEDFILENAME3) values (136,'강남구청역 근처이긴 한데, 골목이 좁고 주변에 차 댈 곳이 없긴 해서, 주차 불가해보이긴 했어요. 어쩌면 아주 잠깐 대는 정도는 가능할 수도 있을 듯요. ',to_date('21/03/09','RR/MM/DD'),5,14,'kkungjeong','N','쎄쎄1.PNG','쎄쎄2.PNG','쎄쎄3.PNG','20210309_145400841_232.PNG','20210309_145400848_576.PNG','20210309_145400851_396.PNG');
Insert into REVIEW (REVIEW_NO,REVIEW_CONTENT,REVIEW_DATE,RATING,BOARD_NO,MEMBER_ID,REVIEW_DEL_YN,REVIEWORIGINALFILENAME1,REVIEWORIGINALFILENAME2,REVIEWORIGINALFILENAME3,REVIEWRENAMEDFILENAME1,REVIEWRENAMEDFILENAME2,REVIEWRENAMEDFILENAME3) values (138,'가성비 너무 좋고, 정말 양질의 참치를 양껏 즐길 수 있어서 더 좋다. 참치하면 청우참치 말고 다른 곳은 생각이 안난다...배달시켜먹는거랑은 차원이 달라버려',to_date('21/03/09','RR/MM/DD'),5,16,'shift','N','청우1.PNG','청우2.PNG','청우3.PNG','20210309_145852185_863.PNG','20210309_145852198_119.PNG','20210309_145852203_576.PNG');
Insert into REVIEW (REVIEW_NO,REVIEW_CONTENT,REVIEW_DATE,RATING,BOARD_NO,MEMBER_ID,REVIEW_DEL_YN,REVIEWORIGINALFILENAME1,REVIEWORIGINALFILENAME2,REVIEWORIGINALFILENAME3,REVIEWRENAMEDFILENAME1,REVIEWRENAMEDFILENAME2,REVIEWRENAMEDFILENAME3) values (140,'남자친구랑 같은데 웨이팅 너무 오래해서 살짝 짜증났지만... 짜증을 녹여주는 맛이다 정말 대박 맛있다 겉바속촉의 극치. 기다림이라는 단점을 다 잊게 해주는 버거맛',to_date('21/03/09','RR/MM/DD'),5,18,'soonsin','N','버거1.PNG','버거2.PNG','버거3.jpg','20210309_150932016_946.PNG','20210309_150932032_173.PNG','20210309_150932042_009.jpg');
Insert into REVIEW (REVIEW_NO,REVIEW_CONTENT,REVIEW_DATE,RATING,BOARD_NO,MEMBER_ID,REVIEW_DEL_YN,REVIEWORIGINALFILENAME1,REVIEWORIGINALFILENAME2,REVIEWORIGINALFILENAME3,REVIEWRENAMEDFILENAME1,REVIEWRENAMEDFILENAME2,REVIEWRENAMEDFILENAME3) values (141,'항상 직식만 이용하다가 사회의 맛을 봐버렸습니다.
내일도 또 올 예정입니다 제 자리 비워두세요^_^',to_date('21/03/09','RR/MM/DD'),5,19,'kimgu','N','설눈1.PNG','설눈2.PNG','설눈3.PNG','20210309_151130173_270.PNG','20210309_151130186_212.PNG','20210309_151130192_867.PNG');
Insert into REVIEW (REVIEW_NO,REVIEW_CONTENT,REVIEW_DATE,RATING,BOARD_NO,MEMBER_ID,REVIEW_DEL_YN,REVIEWORIGINALFILENAME1,REVIEWORIGINALFILENAME2,REVIEWORIGINALFILENAME3,REVIEWRENAMEDFILENAME1,REVIEWRENAMEDFILENAME2,REVIEWRENAMEDFILENAME3) values (142,'Kebab is really John Mattang. I''m crazy. I''m coming here again.',to_date('21/03/09','RR/MM/DD'),4,20,'kimgu','N','케밥1.PNG','케밥2.PNG','케밥3.PNG','20210309_151334659_342.PNG','20210309_151334679_220.PNG','20210309_151334685_439.PNG');
Insert into REVIEW (REVIEW_NO,REVIEW_CONTENT,REVIEW_DATE,RATING,BOARD_NO,MEMBER_ID,REVIEW_DEL_YN,REVIEWORIGINALFILENAME1,REVIEWORIGINALFILENAME2,REVIEWORIGINALFILENAME3,REVIEWRENAMEDFILENAME1,REVIEWRENAMEDFILENAME2,REVIEWRENAMEDFILENAME3) values (154,'을밀대!을밀대 ! 으~을밀대!',to_date('21/03/10','RR/MM/DD'),5,3,'sfawsf','N','을밀대4.jpg','을밀대5.PNG','을밀대6.PNG','20210310_201241134_927.jpg','20210310_201241166_931.PNG','20210310_201241182_299.PNG');
Insert into REVIEW (REVIEW_NO,REVIEW_CONTENT,REVIEW_DATE,RATING,BOARD_NO,MEMBER_ID,REVIEW_DEL_YN,REVIEWORIGINALFILENAME1,REVIEWORIGINALFILENAME2,REVIEWORIGINALFILENAME3,REVIEWRENAMEDFILENAME1,REVIEWRENAMEDFILENAME2,REVIEWRENAMEDFILENAME3) values (156,'"一点五=1.5"의 일본식 발음. 잇텐고 돈코츠라멘이 오랜만에 생각나서 가본 합정역 근처 작디작은 유명 라멘집. 미도리카메라고 불리는 바질라멘의 비쥬얼로 유명한 곳이다. 사진만 보고 가고싶다고 눌러놓은지 상당히 오래된 거 같은데 이제야 와봤다. 비쥬얼은 바질라멘이 눈이 가긴 했지만 사실 돈코츠라멘이 더 생각났다. ',to_date('21/03/10','RR/MM/DD'),4,5,'sfawsf','N','잇텐4.PNG','잇텐5.PNG','잇텐6.PNG','20210310_201712079_343.PNG','20210310_201712115_306.PNG','20210310_201712139_493.PNG');
Insert into REVIEW (REVIEW_NO,REVIEW_CONTENT,REVIEW_DATE,RATING,BOARD_NO,MEMBER_ID,REVIEW_DEL_YN,REVIEWORIGINALFILENAME1,REVIEWORIGINALFILENAME2,REVIEWORIGINALFILENAME3,REVIEWRENAMEDFILENAME1,REVIEWRENAMEDFILENAME2,REVIEWRENAMEDFILENAME3) values (158,'한 줄 평: "유명한 이유가 있다."',to_date('21/03/10','RR/MM/DD'),4,7,'sfawsf','N','곱1.PNG','곱2.PNG','곱3.PNG','20210310_202113663_734.PNG','20210310_202113705_635.PNG','20210310_202113724_582.PNG');
Insert into REVIEW (REVIEW_NO,REVIEW_CONTENT,REVIEW_DATE,RATING,BOARD_NO,MEMBER_ID,REVIEW_DEL_YN,REVIEWORIGINALFILENAME1,REVIEWORIGINALFILENAME2,REVIEWORIGINALFILENAME3,REVIEWRENAMEDFILENAME1,REVIEWRENAMEDFILENAME2,REVIEWRENAMEDFILENAME3) values (159,'처음 맛보았을때 만큼의 감흥은 없지만 여러번 찾아가도 여전히 평타 이상으로 맛있다. 이제는 계란말이 대신 김치전이 대신 나오는데 그것도 나름대로 먹을만함. 쫄깃한 족발은 언제 먹어도 맛있네요~ 피부에 양보한다는 마음으로 마음껏 흡입!',to_date('21/03/10','RR/MM/DD'),5,8,'sfawsf','N','오향.PNG','오향1.PNG','오향3.PNG','20210310_202354850_802.PNG','20210310_202354883_848.PNG','20210310_202354907_030.PNG');
Insert into REVIEW (REVIEW_NO,REVIEW_CONTENT,REVIEW_DATE,RATING,BOARD_NO,MEMBER_ID,REVIEW_DEL_YN,REVIEWORIGINALFILENAME1,REVIEWORIGINALFILENAME2,REVIEWORIGINALFILENAME3,REVIEWRENAMEDFILENAME1,REVIEWRENAMEDFILENAME2,REVIEWRENAMEDFILENAME3) values (160,'식당에서 빚는다는 만두는 보통보다 크다. 한 알이 모두 상추잎 위에 앉아 있는데 피가 비교적 얇아 아래부분에 터진 만두가 많다. 만두소는 배추가 많이 들어가 물이 많이 나와 촉촉함과 질척함의 사이로 조금 아쉬운 부분이다. 둘 이 나눠 먹기도 만두는 양이 많다. 가격이 높은 양곰탕이지만 신경 써야할 점심이라면 방문할 만하다. 대접 받은 쪽에서 흡족해 할 것이다.',to_date('21/03/10','RR/MM/DD'),4,9,'sfawsf','N','벽제1.PNG','벽제2.PNG','벽제3.PNG','20210310_202545144_227.PNG','20210310_202545173_108.PNG','20210310_202545186_198.PNG');
Insert into REVIEW (REVIEW_NO,REVIEW_CONTENT,REVIEW_DATE,RATING,BOARD_NO,MEMBER_ID,REVIEW_DEL_YN,REVIEWORIGINALFILENAME1,REVIEWORIGINALFILENAME2,REVIEWORIGINALFILENAME3,REVIEWRENAMEDFILENAME1,REVIEWRENAMEDFILENAME2,REVIEWRENAMEDFILENAME3) values (161,'양삼겹살 14 양꼬치 13 유린기 12 양고기만두가 없다고 하시면서 다른 만두를 서비스로 주심. 양꼬치는 양념이 세다. 매콤 카레 맛 유린기가 그저 그렇다. 양꼬치란 음식에 큰기대 안하고 가면 좋은맛',to_date('21/03/10','RR/MM/DD'),4,10,'sfawsf','N','명봉1.PNG','명봉2.PNG','명봉3.PNG','20210310_202738888_900.PNG','20210310_202738923_893.PNG','20210310_202738950_319.PNG');
Insert into REVIEW (REVIEW_NO,REVIEW_CONTENT,REVIEW_DATE,RATING,BOARD_NO,MEMBER_ID,REVIEW_DEL_YN,REVIEWORIGINALFILENAME1,REVIEWORIGINALFILENAME2,REVIEWORIGINALFILENAME3,REVIEWRENAMEDFILENAME1,REVIEWRENAMEDFILENAME2,REVIEWRENAMEDFILENAME3) values (1,'새우창펀 송로버섯하교 가지 흑초돼지고기탕수육 볶음면 먹었다!~
바삭돼지바베큐가 바삭바삭 맛있고 새우 창펀  최고다 :)',to_date('20/12/17','RR/MM/DD'),4,1,'abc_123','N',null,null,null,null,null,null);
Insert into REVIEW (REVIEW_NO,REVIEW_CONTENT,REVIEW_DATE,RATING,BOARD_NO,MEMBER_ID,REVIEW_DEL_YN,REVIEWORIGINALFILENAME1,REVIEWORIGINALFILENAME2,REVIEWORIGINALFILENAME3,REVIEWRENAMEDFILENAME1,REVIEWRENAMEDFILENAME2,REVIEWRENAMEDFILENAME3) values (2,'맛있어요!  부모님이랑 가족끼리 가기 좋아요! 직원분들이 친절하시고 불판도 알아서 잘 갈아주십니다. 
식후에 주는 1인 1식혜도 맛있어요!',to_date('20/12/10','RR/MM/DD'),5,2,'sfawsf','N',null,null,null,null,null,null);
Insert into REVIEW (REVIEW_NO,REVIEW_CONTENT,REVIEW_DATE,RATING,BOARD_NO,MEMBER_ID,REVIEW_DEL_YN,REVIEWORIGINALFILENAME1,REVIEWORIGINALFILENAME2,REVIEWORIGINALFILENAME3,REVIEWRENAMEDFILENAME1,REVIEWRENAMEDFILENAME2,REVIEWRENAMEDFILENAME3) values (3,'제가 가장 좋아하는 평양 냉면집입니다. 들어가보면 외국인이 많음 빈대 튀김 수준의 빈대떡도 맛있음
직원들이 친절함',to_date('21/02/14','RR/MM/DD'),4,3,'awsfaf','N',null,null,null,null,null,null);
Insert into REVIEW (REVIEW_NO,REVIEW_CONTENT,REVIEW_DATE,RATING,BOARD_NO,MEMBER_ID,REVIEW_DEL_YN,REVIEWORIGINALFILENAME1,REVIEWORIGINALFILENAME2,REVIEWORIGINALFILENAME3,REVIEWRENAMEDFILENAME1,REVIEWRENAMEDFILENAME2,REVIEWRENAMEDFILENAME3) values (4,'너무너무 맛있는 진미식당 미리 예약하고 가세요 비린내 하나 없이 너무 맛있다 
그리고 반찬들도 다 맛있음 그런데 너무 비싸다 가성비는 그닥',to_date('21/02/14','RR/MM/DD'),4,4,'awsfaf','N',null,null,null,null,null,null);
Insert into REVIEW (REVIEW_NO,REVIEW_CONTENT,REVIEW_DATE,RATING,BOARD_NO,MEMBER_ID,REVIEW_DEL_YN,REVIEWORIGINALFILENAME1,REVIEWORIGINALFILENAME2,REVIEWORIGINALFILENAME3,REVIEWRENAMEDFILENAME1,REVIEWRENAMEDFILENAME2,REVIEWRENAMEDFILENAME3) values (5,'웨이팅이 있을 수도 있습니다 친절하시고 여전히 맛있네요. 잘 먹었습니다. 아늑한 분위기와 따끈한 국물,
그리고 쫄깃한 면발에 완벽한 라면입니다 ㅠ 토마토쯔케모노도 꼭 같이 드세요!',to_date('20/10/08','RR/MM/DD'),4,5,'awsfaf','N',null,null,null,null,null,null);
Insert into REVIEW (REVIEW_NO,REVIEW_CONTENT,REVIEW_DATE,RATING,BOARD_NO,MEMBER_ID,REVIEW_DEL_YN,REVIEWORIGINALFILENAME1,REVIEWORIGINALFILENAME2,REVIEWORIGINALFILENAME3,REVIEWRENAMEDFILENAME1,REVIEWRENAMEDFILENAME2,REVIEWRENAMEDFILENAME3) values (86,'명성에 걸맞게 맛있었다.
맛있는데 진짜 맛은 있는데... 내가 계산함.',to_date('21/03/06','RR/MM/DD'),4,1,'honggd','N','쥬에7.PNG','쥬에8.PNG','쥬에9.PNG','20210306_231956491_586.PNG','20210306_231956500_790.PNG','20210306_231956505_261.PNG');
Insert into REVIEW (REVIEW_NO,REVIEW_CONTENT,REVIEW_DATE,RATING,BOARD_NO,MEMBER_ID,REVIEW_DEL_YN,REVIEWORIGINALFILENAME1,REVIEWORIGINALFILENAME2,REVIEWORIGINALFILENAME3,REVIEWRENAMEDFILENAME1,REVIEWRENAMEDFILENAME2,REVIEWRENAMEDFILENAME3) values (148,'하.. 대 존맛 가자마자 주체 못하고 막걸리5병 순삭',to_date('21/03/09','RR/MM/DD'),5,26,'awsfaf','N','왕대박1.PNG','왕대박2.PNG','왕대박3.PNG','20210309_153312286_932.PNG','20210309_153312295_156.PNG','20210309_153312298_976.PNG');
Insert into REVIEW (REVIEW_NO,REVIEW_CONTENT,REVIEW_DATE,RATING,BOARD_NO,MEMBER_ID,REVIEW_DEL_YN,REVIEWORIGINALFILENAME1,REVIEWORIGINALFILENAME2,REVIEWORIGINALFILENAME3,REVIEWRENAMEDFILENAME1,REVIEWRENAMEDFILENAME2,REVIEWRENAMEDFILENAME3) values (149,'팔레드 신_딤섬 부문 Best 최근 방문 ''20년 4월 순수 맛으로만보면 1등.. 가성비는 흠.. ㅋㅋㅋ 1. 와.. 이렇게 맛있는 딤섬류는 처음..ㄷㄷ 사실 홍콩 팀호완이며, 여기저기 미슐랭에사 방귀쫌 낀다하는곳 가봤지만 맛으로는 역대급 1등!!',to_date('21/03/09','RR/MM/DD'),4,27,'awsfaf','N','팔1.PNG','팔2.PNG','팔3.PNG','20210309_153451702_664.PNG','20210309_153451709_346.PNG','20210309_153451714_649.PNG');
Insert into REVIEW (REVIEW_NO,REVIEW_CONTENT,REVIEW_DATE,RATING,BOARD_NO,MEMBER_ID,REVIEW_DEL_YN,REVIEWORIGINALFILENAME1,REVIEWORIGINALFILENAME2,REVIEWORIGINALFILENAME3,REVIEWRENAMEDFILENAME1,REVIEWRENAMEDFILENAME2,REVIEWRENAMEDFILENAME3) values (123,'일행과 내가 너무 껍질을 못까서 사장님이 안쓰러이 여기시고 다 까주셨는데, 다음엔 새우로 먹으라고 하셨다. 새우가 살이 더 많다며!

그리고 꿔바로우는  평범했는데 매운 마라소스랑 궁합이 좋았다.

 ',to_date('21/03/08','RR/MM/DD'),5,11,'latte','N','해룡1.PNG','해룡2.PNG','해룡3.PNG','20210308_224214300_996.PNG','20210308_224214331_204.PNG','20210308_224214352_394.PNG');
Insert into REVIEW (REVIEW_NO,REVIEW_CONTENT,REVIEW_DATE,RATING,BOARD_NO,MEMBER_ID,REVIEW_DEL_YN,REVIEWORIGINALFILENAME1,REVIEWORIGINALFILENAME2,REVIEWORIGINALFILENAME3,REVIEWRENAMEDFILENAME1,REVIEWRENAMEDFILENAME2,REVIEWRENAMEDFILENAME3) values (146,'맛있습니다아! 그리고 친절하세요 무지~~술쭉쭉들어감',to_date('21/03/09','RR/MM/DD'),5,24,'gsegesg','N','맛짱1.PNG','맛짱2.PNG','맛짱3.PNG','20210309_152719728_469.PNG','20210309_152719737_524.PNG','20210309_152719744_178.PNG');
Insert into REVIEW (REVIEW_NO,REVIEW_CONTENT,REVIEW_DATE,RATING,BOARD_NO,MEMBER_ID,REVIEW_DEL_YN,REVIEWORIGINALFILENAME1,REVIEWORIGINALFILENAME2,REVIEWORIGINALFILENAME3,REVIEWRENAMEDFILENAME1,REVIEWRENAMEDFILENAME2,REVIEWRENAMEDFILENAME3) values (153,'대박존맛',to_date('21/03/10','RR/MM/DD'),5,29,'sfawsf','N','가담4.PNG','가담5.PNG','가담6.PNG','20210310_145502248_860.PNG','20210310_145502267_759.PNG','20210310_145502279_319.PNG');
Insert into REVIEW (REVIEW_NO,REVIEW_CONTENT,REVIEW_DATE,RATING,BOARD_NO,MEMBER_ID,REVIEW_DEL_YN,REVIEWORIGINALFILENAME1,REVIEWORIGINALFILENAME2,REVIEWORIGINALFILENAME3,REVIEWRENAMEDFILENAME1,REVIEWRENAMEDFILENAME2,REVIEWRENAMEDFILENAME3) values (157,'소스 꼭 만드는 법 물어보시고 찍어드세요!!! 닭먹고 칼국수 하나 볶음밥 하나 먹었는데 볶음밥은 비추..... 한 입먹자마자 둘다 칼국수 두 개 먹을걸그랬다고 했어요ㅋㅋㅋㅋ',to_date('21/03/10','RR/MM/DD'),5,6,'sfawsf','N','장1.PNG','장5.PNG','장6.PNG','20210310_201916604_370.PNG','20210310_201916637_596.PNG','20210310_201916655_480.PNG');
Insert into REVIEW (REVIEW_NO,REVIEW_CONTENT,REVIEW_DATE,RATING,BOARD_NO,MEMBER_ID,REVIEW_DEL_YN,REVIEWORIGINALFILENAME1,REVIEWORIGINALFILENAME2,REVIEWORIGINALFILENAME3,REVIEWRENAMEDFILENAME1,REVIEWRENAMEDFILENAME2,REVIEWRENAMEDFILENAME3) values (163,'아니 제가 빵 좋아하는걸 어떻게 알고 이런집을....',to_date('21/03/10','RR/MM/DD'),5,12,'sfawsf','N','루엘1.PNG','루엘2.PNG','루엘3.PNG','20210310_203201387_386.PNG','20210310_203201416_158.PNG','20210310_203201440_629.PNG');
Insert into REVIEW (REVIEW_NO,REVIEW_CONTENT,REVIEW_DATE,RATING,BOARD_NO,MEMBER_ID,REVIEW_DEL_YN,REVIEWORIGINALFILENAME1,REVIEWORIGINALFILENAME2,REVIEWORIGINALFILENAME3,REVIEWRENAMEDFILENAME1,REVIEWRENAMEDFILENAME2,REVIEWRENAMEDFILENAME3) values (164,'ああ、本当に美味しく、日本に来た気分だ',to_date('21/03/10','RR/MM/DD'),4,13,'sfawsf','N','타쿠1.PNG','타쿠2.PNG','타쿠3.PNG','20210310_203441514_305.PNG','20210310_203441533_816.PNG','20210310_203441549_447.PNG');
Insert into REVIEW (REVIEW_NO,REVIEW_CONTENT,REVIEW_DATE,RATING,BOARD_NO,MEMBER_ID,REVIEW_DEL_YN,REVIEWORIGINALFILENAME1,REVIEWORIGINALFILENAME2,REVIEWORIGINALFILENAME3,REVIEWRENAMEDFILENAME1,REVIEWRENAMEDFILENAME2,REVIEWRENAMEDFILENAME3) values (84,'와 여기 또올래요',to_date('21/03/06','RR/MM/DD'),5,1,'honggd','N','쥬에1.PNG','쥬에2.PNG','쥬에3.PNG','20210306_231128695_196.PNG','20210306_231128714_693.PNG','20210306_231128729_739.PNG');
Insert into REVIEW (REVIEW_NO,REVIEW_CONTENT,REVIEW_DATE,RATING,BOARD_NO,MEMBER_ID,REVIEW_DEL_YN,REVIEWORIGINALFILENAME1,REVIEWORIGINALFILENAME2,REVIEWORIGINALFILENAME3,REVIEWRENAMEDFILENAME1,REVIEWRENAMEDFILENAME2,REVIEWRENAMEDFILENAME3) values (85,'봉안어시교는 인당 한판 먹어야할듯?! 뚜벅이라 가는길이 좀 고됬지만 맛있는거 먹으러 다니는게 내 행복❤️',to_date('21/03/06','RR/MM/DD'),5,1,'honggd','N','쥬에4.PNG','쥬에5.PNG','쥬에6.PNG','20210306_231622567_786.PNG','20210306_231622581_760.PNG','20210306_231622591_623.PNG');
Insert into REVIEW (REVIEW_NO,REVIEW_CONTENT,REVIEW_DATE,RATING,BOARD_NO,MEMBER_ID,REVIEW_DEL_YN,REVIEWORIGINALFILENAME1,REVIEWORIGINALFILENAME2,REVIEWORIGINALFILENAME3,REVIEWRENAMEDFILENAME1,REVIEWRENAMEDFILENAME2,REVIEWRENAMEDFILENAME3) values (165,'매한 메뉴 모두 전반적으로 만드시는 분이 세심하게 신경쓴 듯한 맛이 나서, 맛있었어요. 물론 몇몇 메뉴는 살짝 개취가 아닌 것도 있긴 했지만 재방문해서 흑임자 마들렌은 꼭 사고, 다른 마들렌 종류랑 몽블랑 케이크 먹어보고 싶습니다:)',to_date('21/03/10','RR/MM/DD'),4,14,'sfawsf','N','쎄1.PNG','쎄2.PNG','쎄3.PNG','20210310_203646994_800.PNG','20210310_203647018_448.PNG','20210310_203647032_373.PNG');
Insert into REVIEW (REVIEW_NO,REVIEW_CONTENT,REVIEW_DATE,RATING,BOARD_NO,MEMBER_ID,REVIEW_DEL_YN,REVIEWORIGINALFILENAME1,REVIEWORIGINALFILENAME2,REVIEWORIGINALFILENAME3,REVIEWRENAMEDFILENAME1,REVIEWRENAMEDFILENAME2,REVIEWRENAMEDFILENAME3) values (166,'맛있지 뭐. 살짝 매콤 칼칼한 맛이 있어서 더 내 스타일이 되어버린 또떡! 신촌점은 매우 넓어서 좋지만 아기자기한 맛은 좀 떨어집니다.',to_date('21/03/10','RR/MM/DD'),5,15,'sfawsf','N','또1.PNG','ㅉㅎ2.PNG','또3.PNG','20210310_203839559_792.PNG','20210310_203839586_054.PNG','20210310_203839605_695.PNG');
Insert into REVIEW (REVIEW_NO,REVIEW_CONTENT,REVIEW_DATE,RATING,BOARD_NO,MEMBER_ID,REVIEW_DEL_YN,REVIEWORIGINALFILENAME1,REVIEWORIGINALFILENAME2,REVIEWORIGINALFILENAME3,REVIEWRENAMEDFILENAME1,REVIEWRENAMEDFILENAME2,REVIEWRENAMEDFILENAME3) values (167,' 바테이블에 앉으면 엄청 다닥다닥 붙어 앉아야 하지만 정감가는 매력이 있는곳. 이곳에서는 참치는 부위별로 다양한 맛을 즐길 수 있는데~ 원래 빨간부위를 좋아했는데 청우참치에서 다른 부위의 맛도 즐기게 됨 마블링있는 부위는 마치 소고기를 먹는것처럼 살짝 기름지면서 고소하고 부드러움 ㅠㅠ 더',to_date('21/03/10','RR/MM/DD'),4,16,'sfawsf','N','청우1.PNG','청우2.PNG','청우3.PNG','20210310_204034627_040.PNG','20210310_204034654_972.PNG','20210310_204034670_651.PNG');
Insert into REVIEW (REVIEW_NO,REVIEW_CONTENT,REVIEW_DATE,RATING,BOARD_NO,MEMBER_ID,REVIEW_DEL_YN,REVIEWORIGINALFILENAME1,REVIEWORIGINALFILENAME2,REVIEWORIGINALFILENAME3,REVIEWRENAMEDFILENAME1,REVIEWRENAMEDFILENAME2,REVIEWRENAMEDFILENAME3) values (168,' 주문할 때 혼자 다 먹을 거라고 하니까 아주머니가 놀라시더라구요. 근데 만두 하나하나 앙이 많은 건 아니라 결국 진짜 거의 다 먹고 나왔네욬ㅋㅋ',to_date('21/03/10','RR/MM/DD'),5,17,'sfawsf','N','진1.PNG','진2.PNG','진3.PNG','20210310_204209239_221.PNG','20210310_204209278_709.PNG','20210310_204209289_845.PNG');
Insert into REVIEW (REVIEW_NO,REVIEW_CONTENT,REVIEW_DATE,RATING,BOARD_NO,MEMBER_ID,REVIEW_DEL_YN,REVIEWORIGINALFILENAME1,REVIEWORIGINALFILENAME2,REVIEWORIGINALFILENAME3,REVIEWRENAMEDFILENAME1,REVIEWRENAMEDFILENAME2,REVIEWRENAMEDFILENAME3) values (169,'내용물이 많은 편인 만큼, 번과의 조합이 나름 인상적이었다. 물론 빵만 먹어도 맛있다. ⠀ 아보카도는 고기맛에 묻혀 특유의 고소함을 어필하진 못한다. 대신 특유의 버터같이 녹아내리는 식감으로 고기를 어시스트하는 위치에 가깝다. ⠀ 패티가 워낙 육즙 풍부해서 맛있게 먹고 나왔다. ',to_date('21/03/10','RR/MM/DD'),4,18,'sfawsf','N','벽1.PNG','벽2.PNG','벽3.PNG','20210310_204356504_084.PNG','20210310_204356536_304.PNG','20210310_204356547_690.PNG');
Insert into REVIEW (REVIEW_NO,REVIEW_CONTENT,REVIEW_DATE,RATING,BOARD_NO,MEMBER_ID,REVIEW_DEL_YN,REVIEWORIGINALFILENAME1,REVIEWORIGINALFILENAME2,REVIEWORIGINALFILENAME3,REVIEWRENAMEDFILENAME1,REVIEWRENAMEDFILENAME2,REVIEWRENAMEDFILENAME3) values (170,'코로나 끝나고 보다 외식이 자유로워질때 리뷰를 쓰고싶었지만, 아직은 긴 시간이 남은것같아 밀린 리뷰들을 써야할것같다. 주말마다 서초 근처에서 외식을 하게되는데, 주말의 설눈은 보석같은 곳이다. ',to_date('21/03/10','RR/MM/DD'),5,19,'sfawsf','N','설눈4.PNG','설눈5.PNG','설눈6.PNG','20210310_204600865_671.PNG','20210310_204600896_763.PNG','20210310_204600913_900.PNG');
Insert into REVIEW (REVIEW_NO,REVIEW_CONTENT,REVIEW_DATE,RATING,BOARD_NO,MEMBER_ID,REVIEW_DEL_YN,REVIEWORIGINALFILENAME1,REVIEWORIGINALFILENAME2,REVIEWORIGINALFILENAME3,REVIEWRENAMEDFILENAME1,REVIEWRENAMEDFILENAME2,REVIEWRENAMEDFILENAME3) values (172,'여기 미국인줄',to_date('21/03/10','RR/MM/DD'),4,21,'sfawsf','N','매덕1.PNG','매덕5.PNG','매덕6.PNG','20210310_204949775_676.PNG','20210310_204949804_776.PNG','20210310_204949823_301.PNG');
Insert into REVIEW (REVIEW_NO,REVIEW_CONTENT,REVIEW_DATE,RATING,BOARD_NO,MEMBER_ID,REVIEW_DEL_YN,REVIEWORIGINALFILENAME1,REVIEWORIGINALFILENAME2,REVIEWORIGINALFILENAME3,REVIEWRENAMEDFILENAME1,REVIEWRENAMEDFILENAME2,REVIEWRENAMEDFILENAME3) values (128,'내부는 좁은 편인데 신경 쓰이는건 건너편 사람들이랑 마주보는 거는 혼밥러로서는 조금 그렇더라 쩝;',to_date('21/03/09','RR/MM/DD'),4,5,'jeonsun','N','잇텐고1.PNG','잇텐고2.PNG','잇텐고3.PNG','20210309_142818721_188.PNG','20210309_142818734_413.PNG','20210309_142818740_368.PNG');
Insert into REVIEW (REVIEW_NO,REVIEW_CONTENT,REVIEW_DATE,RATING,BOARD_NO,MEMBER_ID,REVIEW_DEL_YN,REVIEWORIGINALFILENAME1,REVIEWORIGINALFILENAME2,REVIEWORIGINALFILENAME3,REVIEWRENAMEDFILENAME1,REVIEWRENAMEDFILENAME2,REVIEWRENAMEDFILENAME3) values (133,'양고급갈비 1인분, 양갈비살꼬치 2인분, 온면, 칭따오! 둘이서 먹었고 고기 다먹으니까 충분히 배불렀음 그럼에도 온면도 시켜서 먹어서 배터지는줄! 양고기 처음인 친구도 맛있게 먹었음 기대했던것 보다도 괜찮았고, 온면이 약간 뭉쳐져서 삶아진 것 같긴 하지만... 그럼에도 맛있어서 싹 비웠으니까 인정... 역시나 맛있었지만 너무 배불러서 다 못먹었음... 슬퍼...',to_date('21/03/09','RR/MM/DD'),5,10,'geongrea','N','명봉1.PNG','명봉2.PNG','명봉3.PNG','20210309_144524175_526.PNG','20210309_144524195_926.PNG','20210309_144524201_490.PNG');
Insert into REVIEW (REVIEW_NO,REVIEW_CONTENT,REVIEW_DATE,RATING,BOARD_NO,MEMBER_ID,REVIEW_DEL_YN,REVIEWORIGINALFILENAME1,REVIEWORIGINALFILENAME2,REVIEWORIGINALFILENAME3,REVIEWRENAMEDFILENAME1,REVIEWRENAMEDFILENAME2,REVIEWRENAMEDFILENAME3) values (134,'#맛있다맛있어 여기 빵 맛있고 유명한건 예전에 누가 사다준거 먹은 적이 있어서 알고있었는데 직접 방문해서 이것저것 사고 먹어보았더니 다시 한 번 맛있음에 감탄',to_date('21/03/09','RR/MM/DD'),4,12,'sasgas','N','루엘1.PNG','루엘2.PNG','루엘3.PNG','20210309_144854159_074.PNG','20210309_144854171_322.PNG','20210309_144854179_633.PNG');
Insert into REVIEW (REVIEW_NO,REVIEW_CONTENT,REVIEW_DATE,RATING,BOARD_NO,MEMBER_ID,REVIEW_DEL_YN,REVIEWORIGINALFILENAME1,REVIEWORIGINALFILENAME2,REVIEWORIGINALFILENAME3,REVIEWRENAMEDFILENAME1,REVIEWRENAMEDFILENAME2,REVIEWRENAMEDFILENAME3) values (150,'조합이 좋다 가지튀김',to_date('21/03/09','RR/MM/DD'),5,28,'awsfaf','N','야상해1.PNG','야상해2.PNG','야상해3.PNG','20210309_153856438_145.PNG','20210309_153856450_400.PNG','20210309_153856457_306.PNG');
Insert into REVIEW (REVIEW_NO,REVIEW_CONTENT,REVIEW_DATE,RATING,BOARD_NO,MEMBER_ID,REVIEW_DEL_YN,REVIEWORIGINALFILENAME1,REVIEWORIGINALFILENAME2,REVIEWORIGINALFILENAME3,REVIEWRENAMEDFILENAME1,REVIEWRENAMEDFILENAME2,REVIEWRENAMEDFILENAME3) values (152,'중식 땡겨서 오랜만에 또 다녀왔어요. 어릴 때부터 자주 왔었다는 지인분과 같이 갔는데 왠만한 거 다 맛있다니까 더 믿음이 가는 곳',to_date('21/03/09','RR/MM/DD'),5,29,'sfawsf','N','가담1.PNG','가담2.PNG','가담3.PNG','20210309_154236752_677.PNG','20210309_154236759_401.PNG','20210309_154236767_119.PNG');
Insert into REVIEW (REVIEW_NO,REVIEW_CONTENT,REVIEW_DATE,RATING,BOARD_NO,MEMBER_ID,REVIEW_DEL_YN,REVIEWORIGINALFILENAME1,REVIEWORIGINALFILENAME2,REVIEWORIGINALFILENAME3,REVIEWRENAMEDFILENAME1,REVIEWRENAMEDFILENAME2,REVIEWRENAMEDFILENAME3) values (155,'너구리도 대만족이라구-!',to_date('21/03/10','RR/MM/DD'),5,4,'sfawsf','N','너구링.PNG','진미4.PNG','진미5.PNG','20210310_201507362_498.PNG','20210310_201507397_967.PNG','20210310_201507423_531.PNG');
Insert into REVIEW (REVIEW_NO,REVIEW_CONTENT,REVIEW_DATE,RATING,BOARD_NO,MEMBER_ID,REVIEW_DEL_YN,REVIEWORIGINALFILENAME1,REVIEWORIGINALFILENAME2,REVIEWORIGINALFILENAME3,REVIEWRENAMEDFILENAME1,REVIEWRENAMEDFILENAME2,REVIEWRENAMEDFILENAME3) values (173,'특별하지는 않다. 그러나 기본에 충실한. 총평: 4.3/5.0 미슐랭 빕구르망이라고 특별한 맛은 아니다. 다만 고기의 싱싱함과 좋은 참기름으로 듬뿍 양념된 기본 육회맛의 충실한 구현. ',to_date('21/03/10','RR/MM/DD'),4,22,'sfawsf','N','부촌4.PNG','부촌5.PNG','부촌6.PNG','20210310_205140191_987.PNG','20210310_205140218_715.PNG','20210310_205140232_748.PNG');
Insert into REVIEW (REVIEW_NO,REVIEW_CONTENT,REVIEW_DATE,RATING,BOARD_NO,MEMBER_ID,REVIEW_DEL_YN,REVIEWORIGINALFILENAME1,REVIEWORIGINALFILENAME2,REVIEWORIGINALFILENAME3,REVIEWRENAMEDFILENAME1,REVIEWRENAMEDFILENAME2,REVIEWRENAMEDFILENAME3) values (175,'포뜬 오징어회로 유명한 곳인데 오징어회를 많이 접해보지 않아 전문성은 없지만, 누구나 먹었을때 정말 맛있다! 라는 감탄이 나오는 곳이다 :) 1인 1오징어회 추천! 오징어회 외에도 시켰던 참골뱅이, 조개찜도 모두 맛있었다. 음식을 참 잘하는 곳인듯',to_date('21/03/10','RR/MM/DD'),5,24,'sfawsf','N','짱4.PNG','짱5.PNG','짱6.PNG','20210310_205718167_822.PNG','20210310_205718208_587.PNG','20210310_205718223_210.PNG');
Insert into REVIEW (REVIEW_NO,REVIEW_CONTENT,REVIEW_DATE,RATING,BOARD_NO,MEMBER_ID,REVIEW_DEL_YN,REVIEWORIGINALFILENAME1,REVIEWORIGINALFILENAME2,REVIEWORIGINALFILENAME3,REVIEWRENAMEDFILENAME1,REVIEWRENAMEDFILENAME2,REVIEWRENAMEDFILENAME3) values (179,'여자 넷이서 사천소면, 소룡보, 새우만두, 부추만두, 상해식동파육, 계란새우볶음밥을 먹었는데 진짜 배터지게 다 먹었어요 부추만두는 먹다가 뭔가 아쉬워서 막판에 추가한거고욬ㅋㅋㅋ ',to_date('21/03/10','RR/MM/DD'),5,28,'sfawsf','N','야4.PNG','야5.PNG','야6.PNG','20210310_210527964_387.PNG','20210310_210528002_777.PNG','20210310_210528019_948.PNG');
Insert into REVIEW (REVIEW_NO,REVIEW_CONTENT,REVIEW_DATE,RATING,BOARD_NO,MEMBER_ID,REVIEW_DEL_YN,REVIEWORIGINALFILENAME1,REVIEWORIGINALFILENAME2,REVIEWORIGINALFILENAME3,REVIEWRENAMEDFILENAME1,REVIEWRENAMEDFILENAME2,REVIEWRENAMEDFILENAME3) values (182,'맛잇네요',to_date('21/03/12','RR/MM/DD'),4,29,'nesnesh','N',null,null,null,null,null,null);
Insert into REVIEW (REVIEW_NO,REVIEW_CONTENT,REVIEW_DATE,RATING,BOARD_NO,MEMBER_ID,REVIEW_DEL_YN,REVIEWORIGINALFILENAME1,REVIEWORIGINALFILENAME2,REVIEWORIGINALFILENAME3,REVIEWRENAMEDFILENAME1,REVIEWRENAMEDFILENAME2,REVIEWRENAMEDFILENAME3) values (183,'여기 찐맛집인정',to_date('21/03/12','RR/MM/DD'),4,23,'fawfw','N','알9.PNG','알10.PNG','알11.PNG','20210312_014039601_302.PNG','20210312_014039611_401.PNG','20210312_014039614_322.PNG');
Insert into REVIEW (REVIEW_NO,REVIEW_CONTENT,REVIEW_DATE,RATING,BOARD_NO,MEMBER_ID,REVIEW_DEL_YN,REVIEWORIGINALFILENAME1,REVIEWORIGINALFILENAME2,REVIEWORIGINALFILENAME3,REVIEWRENAMEDFILENAME1,REVIEWRENAMEDFILENAME2,REVIEWRENAMEDFILENAME3) values (120,'우와 넘 맛잇어여 굿굿굿',to_date('21/03/08','RR/MM/DD'),4,1,'honggd','N','pasta3.jpg','beer.jpg','pasta1.jpg','20210308_161533916_185.jpg','20210308_161533956_099.jpg','20210308_161533995_373.jpg');
Insert into REVIEW (REVIEW_NO,REVIEW_CONTENT,REVIEW_DATE,RATING,BOARD_NO,MEMBER_ID,REVIEW_DEL_YN,REVIEWORIGINALFILENAME1,REVIEWORIGINALFILENAME2,REVIEWORIGINALFILENAME3,REVIEWRENAMEDFILENAME1,REVIEWRENAMEDFILENAME2,REVIEWRENAMEDFILENAME3) values (118,'정말정말 유명한 돼지갈비 맛집! 입가심으로 동치미 국수가 나오는데 시원해서 맛있다 돼지갈비도 맛있었다. 너무 많이 기대하지는 마시고 그냥 돼지갈비 맛이지만 맛있는 돼지갈비 맛이다! 달달하고 짭짤하고 고기는 신선하고 숯향도 너무 좋다. 가격도 저렴하다.',to_date('21/03/08','RR/MM/DD'),4,2,'nesnesh','N',null,null,null,null,null,null);
Insert into REVIEW (REVIEW_NO,REVIEW_CONTENT,REVIEW_DATE,RATING,BOARD_NO,MEMBER_ID,REVIEW_DEL_YN,REVIEWORIGINALFILENAME1,REVIEWORIGINALFILENAME2,REVIEWORIGINALFILENAME3,REVIEWRENAMEDFILENAME1,REVIEWRENAMEDFILENAME2,REVIEWRENAMEDFILENAME3) values (119,'퀄리티가.. 누가 만족하지 않을까요 첫 피스를 입에 넣는 순간 깜짝깜짝 놀랐습니다..  감칠맛이 정말 장난이 아닙니다 ㅠㅠ 셰프님들의 접객마저 정말로 완벽해요 돈만있으면 계속 가고싶어요.. 유명한 이유가 있었습니다 ',to_date('21/03/08','RR/MM/DD'),5,13,'nesnesh','N',null,null,null,null,null,null);
Insert into REVIEW (REVIEW_NO,REVIEW_CONTENT,REVIEW_DATE,RATING,BOARD_NO,MEMBER_ID,REVIEW_DEL_YN,REVIEWORIGINALFILENAME1,REVIEWORIGINALFILENAME2,REVIEWORIGINALFILENAME3,REVIEWRENAMEDFILENAME1,REVIEWRENAMEDFILENAME2,REVIEWRENAMEDFILENAME3) values (171,'엄청난 가성비의 맛과 양! 도너 먹고 싶었는데 품절이라 양고기 케밥 세트로 먹었어요. 세트는 감튀랑 음료가 포함되는데 이 가격에 이 양이 나올 수 있나 싶게 푸짐! 여자 둘이면 세트 1개 나눠 먹고 바로 디저트 먹으러 가기 딱 좋을 정도 같아요.',to_date('21/03/10','RR/MM/DD'),4,20,'sfawsf','N','케밥4.PNG','케밥5.PNG','케밥6.PNG','20210310_204740575_831.PNG','20210310_204740601_100.PNG','20210310_204740618_523.PNG');
Insert into REVIEW (REVIEW_NO,REVIEW_CONTENT,REVIEW_DATE,RATING,BOARD_NO,MEMBER_ID,REVIEW_DEL_YN,REVIEWORIGINALFILENAME1,REVIEWORIGINALFILENAME2,REVIEWORIGINALFILENAME3,REVIEWRENAMEDFILENAME1,REVIEWRENAMEDFILENAME2,REVIEWRENAMEDFILENAME3) values (111,'향라 대하를 반드시 먹어보자. 메뉴판 가장 위쪽에 위치한 향라대하.. 껍질채 튀긴 통새우가 튀김이 아니라 과자처럼 바삭하다. 껍질은 바삭바삭하고 새우의 속살은 탱글탱글하다. 상당히 맵지만 너무너무 맛있게 매운맛이다. 고소하면서도 매콤하다. 상당히 맵기 때문에 밥은 필수다. 양꼬치도 굉장히 맛있다.',to_date('21/03/08','RR/MM/DD'),4,10,'nesnesh','N',null,null,null,null,null,null);
Insert into REVIEW (REVIEW_NO,REVIEW_CONTENT,REVIEW_DATE,RATING,BOARD_NO,MEMBER_ID,REVIEW_DEL_YN,REVIEWORIGINALFILENAME1,REVIEWORIGINALFILENAME2,REVIEWORIGINALFILENAME3,REVIEWRENAMEDFILENAME1,REVIEWRENAMEDFILENAME2,REVIEWRENAMEDFILENAME3) values (174,'고오급레스트로랑이다 다음에는 디너로 와인먹을 작정을 하고 와보고 싶다',to_date('21/03/10','RR/MM/DD'),4,23,'sfawsf','N','알라4.PNG','알라5.PNG','알라6.PNG','20210310_205410924_738.PNG','20210310_205411100_424.PNG','20210310_205411241_980.PNG');
Insert into REVIEW (REVIEW_NO,REVIEW_CONTENT,REVIEW_DATE,RATING,BOARD_NO,MEMBER_ID,REVIEW_DEL_YN,REVIEWORIGINALFILENAME1,REVIEWORIGINALFILENAME2,REVIEWORIGINALFILENAME3,REVIEWRENAMEDFILENAME1,REVIEWRENAMEDFILENAME2,REVIEWRENAMEDFILENAME3) values (176,'そら。’하늘’이라는 뜻의 일본어다. 이름에 걸맞는 맛이다. ',to_date('21/03/10','RR/MM/DD'),5,25,'sfawsf','N','소라1.PNG','소라5.PNG','소라6.PNG','20210310_205928381_360.PNG','20210310_205928401_980.PNG','20210310_205928412_322.PNG');
Insert into REVIEW (REVIEW_NO,REVIEW_CONTENT,REVIEW_DATE,RATING,BOARD_NO,MEMBER_ID,REVIEW_DEL_YN,REVIEWORIGINALFILENAME1,REVIEWORIGINALFILENAME2,REVIEWORIGINALFILENAME3,REVIEWRENAMEDFILENAME1,REVIEWRENAMEDFILENAME2,REVIEWRENAMEDFILENAME3) values (177,'Nice place near city hall',to_date('21/03/10','RR/MM/DD'),4,26,'sfawsf','N','왕4.PNG','왕5.PNG','왕6.PNG','20210310_210142792_557.PNG','20210310_210142830_723.PNG','20210310_210142851_726.PNG');
Insert into REVIEW (REVIEW_NO,REVIEW_CONTENT,REVIEW_DATE,RATING,BOARD_NO,MEMBER_ID,REVIEW_DEL_YN,REVIEWORIGINALFILENAME1,REVIEWORIGINALFILENAME2,REVIEWORIGINALFILENAME3,REVIEWRENAMEDFILENAME1,REVIEWRENAMEDFILENAME2,REVIEWRENAMEDFILENAME3) values (178,'오랜만에 넘 맛있었다..',to_date('21/03/10','RR/MM/DD'),4,27,'sfawsf','N','팔3.PNG','팔5.PNG','팔6.PNG','20210310_210330025_061.PNG','20210310_210330040_517.PNG','20210310_210330053_312.PNG');
REM INSERTING into REVIEW_PIC
SET DEFINE OFF;
Insert into REVIEW_PIC (REVIEW_NO,REVIEW_ORIGINAL_FILENAME1,REVIEW_ORIGINAL_FILENAME2,REVIEW_ORIGINAL_FILENAME3,REVIEW_RENAMED_FILENAME1,REVIEW_RENAMED_FILENAME2,REVIEW_RENAMED_FILENAME3) values (64,'사진이름1','사진이름2','사진이름3','사진뤼눼임1','사진뤼눼임2','사진뤼눼임3');
REM INSERTING into STORE_INFO
SET DEFINE OFF;
Insert into STORE_INFO (BOARD_NO,MEMBER_ID,STORE_NAME,STORE_PHONE,LOCATION,CLOSING_DAY,OPEN_HOURS,CLOSE_HOURS,BREAKTIME_OPEN,BREAKTIME_CLOSE,MENU,PARKING,RESERVATION_NUM,VIEW_NUM,INFO_DEL_YN) values (1,'honggd','쥬에','02-798-5000','서울시 용산구 한남동 3-1','연중무휴','11:00','21:00',null,null,'돼지 바비큐','Y',31,25,'N');
Insert into STORE_INFO (BOARD_NO,MEMBER_ID,STORE_NAME,STORE_PHONE,LOCATION,CLOSING_DAY,OPEN_HOURS,CLOSE_HOURS,BREAKTIME_OPEN,BREAKTIME_CLOSE,MENU,PARKING,RESERVATION_NUM,VIEW_NUM,INFO_DEL_YN) values (2,'floater','원조조박집','02-712-7462','서울시 마포구 용강동 40-1','일','11:30','23:00','15:00','17:00','돼지갈비','N',125,152,'N');
Insert into STORE_INFO (BOARD_NO,MEMBER_ID,STORE_NAME,STORE_PHONE,LOCATION,CLOSING_DAY,OPEN_HOURS,CLOSE_HOURS,BREAKTIME_OPEN,BREAKTIME_CLOSE,MENU,PARKING,RESERVATION_NUM,VIEW_NUM,INFO_DEL_YN) values (3,'qwerty','을밀대','02-717-192 ','서울시 마포구 염리동 147-6','연중무휴','11:00','22:00',null,null,'물냉면','N',110,135,'N');
Insert into STORE_INFO (BOARD_NO,MEMBER_ID,STORE_NAME,STORE_PHONE,LOCATION,CLOSING_DAY,OPEN_HOURS,CLOSE_HOURS,BREAKTIME_OPEN,BREAKTIME_CLOSE,MENU,PARKING,RESERVATION_NUM,VIEW_NUM,INFO_DEL_YN) values (4,'kim1bong','진미식당','02-321-4450','서울시 마포구 공덕동 105-127 선화의원','일','12:00','20:00','14:30','17:00','간장게장','Y',10,12,'N');
Insert into STORE_INFO (BOARD_NO,MEMBER_ID,STORE_NAME,STORE_PHONE,LOCATION,CLOSING_DAY,OPEN_HOURS,CLOSE_HOURS,BREAKTIME_OPEN,BREAKTIME_CLOSE,MENU,PARKING,RESERVATION_NUM,VIEW_NUM,INFO_DEL_YN) values (5,'bongsam','잇텐고','02-337-7715','서울시 마포구 합정동 396-14','일','11:30','21:30','14:30','17:00','라멘','N',84,85,'N');
Insert into STORE_INFO (BOARD_NO,MEMBER_ID,STORE_NAME,STORE_PHONE,LOCATION,CLOSING_DAY,OPEN_HOURS,CLOSE_HOURS,BREAKTIME_OPEN,BREAKTIME_CLOSE,MENU,PARKING,RESERVATION_NUM,VIEW_NUM,INFO_DEL_YN) values (6,'twoone','장원닭한마리','02-224-2335','서울시 동대문구 답십리동 488-326','연중무휴','16:00','22:00',null,null,'닭한마리','N',59,64,'N');
Insert into STORE_INFO (BOARD_NO,MEMBER_ID,STORE_NAME,STORE_PHONE,LOCATION,CLOSING_DAY,OPEN_HOURS,CLOSE_HOURS,BREAKTIME_OPEN,BREAKTIME_CLOSE,MENU,PARKING,RESERVATION_NUM,VIEW_NUM,INFO_DEL_YN) values (7,'seongman','신촌황소곱창','02-337-2501','서울시 서대문구 창천동 52-148','연중무휴','13:00','02:30',null,null,'곱창','Y',341,359,'N');
Insert into STORE_INFO (BOARD_NO,MEMBER_ID,STORE_NAME,STORE_PHONE,LOCATION,CLOSING_DAY,OPEN_HOURS,CLOSE_HOURS,BREAKTIME_OPEN,BREAKTIME_CLOSE,MENU,PARKING,RESERVATION_NUM,VIEW_NUM,INFO_DEL_YN) values (8,'hacksa','광화문오향족발','02-725-7551','서울시 종로구 당주동 5 로얄빌딩 B1','토,일','11:30 ','22:00',null,null,'족발','Y',39,51,'N');
Insert into STORE_INFO (BOARD_NO,MEMBER_ID,STORE_NAME,STORE_PHONE,LOCATION,CLOSING_DAY,OPEN_HOURS,CLOSE_HOURS,BREAKTIME_OPEN,BREAKTIME_CLOSE,MENU,PARKING,RESERVATION_NUM,VIEW_NUM,INFO_DEL_YN) values (9,'youngsam','벽제갈비','02-392-8301','서울시 서대문구 창천동 13-20','연중무휴','11:30','22:00',null,null,'소갈비','Y',25,26,'N');
Insert into STORE_INFO (BOARD_NO,MEMBER_ID,STORE_NAME,STORE_PHONE,LOCATION,CLOSING_DAY,OPEN_HOURS,CLOSE_HOURS,BREAKTIME_OPEN,BREAKTIME_CLOSE,MENU,PARKING,RESERVATION_NUM,VIEW_NUM,INFO_DEL_YN) values (10,'jeongho','명봉샤브샤브양꼬치','02-498-8801','서울시 광진구 자양동 4-1 광진빌딩','연중무휴','12:00','02:00',null,null,'양꼬치','Y',37,42,'N');
Insert into STORE_INFO (BOARD_NO,MEMBER_ID,STORE_NAME,STORE_PHONE,LOCATION,CLOSING_DAY,OPEN_HOURS,CLOSE_HOURS,BREAKTIME_OPEN,BREAKTIME_CLOSE,MENU,PARKING,RESERVATION_NUM,VIEW_NUM,INFO_DEL_YN) values (11,'yakkyoung','해룡마라룽샤','02-462-4005','서울시 광진구 자양동 857','연중무휴','12:00','24:00',null,null,'마라룽샤','N',148,165,'N');
Insert into STORE_INFO (BOARD_NO,MEMBER_ID,STORE_NAME,STORE_PHONE,LOCATION,CLOSING_DAY,OPEN_HOURS,CLOSE_HOURS,BREAKTIME_OPEN,BREAKTIME_CLOSE,MENU,PARKING,RESERVATION_NUM,VIEW_NUM,INFO_DEL_YN) values (12,'janggak','루엘드파리','02-322-0935','서울시 서초구 서초동 1445-13 서초쌍용플래티넘 112호','일','08:00','21:00',null,null,'베이커리','N',822,852,'N');
Insert into STORE_INFO (BOARD_NO,MEMBER_ID,STORE_NAME,STORE_PHONE,LOCATION,CLOSING_DAY,OPEN_HOURS,CLOSE_HOURS,BREAKTIME_OPEN,BREAKTIME_CLOSE,MENU,PARKING,RESERVATION_NUM,VIEW_NUM,INFO_DEL_YN) values (13,'moongo','타쿠미곤','02-112-4521','서울특별시 서초구 반포동 107-45 부림빌딩 2F','일','12:00','22:00','15:00','18:00','초밥','N',30,33,'N');
Insert into STORE_INFO (BOARD_NO,MEMBER_ID,STORE_NAME,STORE_PHONE,LOCATION,CLOSING_DAY,OPEN_HOURS,CLOSE_HOURS,BREAKTIME_OPEN,BREAKTIME_CLOSE,MENU,PARKING,RESERVATION_NUM,VIEW_NUM,INFO_DEL_YN) values (14,'bojun','쎄쎄종','02-624-4578','서울시 강남구 논현동 99-21 주영빌딩 1F','월,화,수,일','12:00','23:00',null,null,'케이크','N',18,21,'N');
Insert into STORE_INFO (BOARD_NO,MEMBER_ID,STORE_NAME,STORE_PHONE,LOCATION,CLOSING_DAY,OPEN_HOURS,CLOSE_HOURS,BREAKTIME_OPEN,BREAKTIME_CLOSE,MENU,PARKING,RESERVATION_NUM,VIEW_NUM,INFO_DEL_YN) values (15,'deogun','또보겠지떡볶이집','02-332-4981','서울시 마포구 서교동 358-42','월','11:30','22:00','14:30','15:30','떡볶이','N',635,689,'N');
Insert into STORE_INFO (BOARD_NO,MEMBER_ID,STORE_NAME,STORE_PHONE,LOCATION,CLOSING_DAY,OPEN_HOURS,CLOSE_HOURS,BREAKTIME_OPEN,BREAKTIME_CLOSE,MENU,PARKING,RESERVATION_NUM,VIEW_NUM,INFO_DEL_YN) values (16,'jinyee','청우참치','02-500-2000','서울시 강남구 압구정동 511-6','연중무휴','15:00','23:00','17:00','18:00','회','N',522,541,'N');
Insert into STORE_INFO (BOARD_NO,MEMBER_ID,STORE_NAME,STORE_PHONE,LOCATION,CLOSING_DAY,OPEN_HOURS,CLOSE_HOURS,BREAKTIME_OPEN,BREAKTIME_CLOSE,MENU,PARKING,RESERVATION_NUM,VIEW_NUM,INFO_DEL_YN) values (17,'beonghee','진만두','02-452-3654','서울시 마포구 서교동 327-22','일','12:00','22:00',null,null,'따 빠오즈','N',231,245,'N');
Insert into STORE_INFO (BOARD_NO,MEMBER_ID,STORE_NAME,STORE_PHONE,LOCATION,CLOSING_DAY,OPEN_HOURS,CLOSE_HOURS,BREAKTIME_OPEN,BREAKTIME_CLOSE,MENU,PARKING,RESERVATION_NUM,VIEW_NUM,INFO_DEL_YN) values (18,'dongjoo','버거파크','02-451-6654','서울시 종로구 명륜4가 101-2 1F','null','11:30','22:00',null,null,'치즈버거','N',107,125,'N');
Insert into STORE_INFO (BOARD_NO,MEMBER_ID,STORE_NAME,STORE_PHONE,LOCATION,CLOSING_DAY,OPEN_HOURS,CLOSE_HOURS,BREAKTIME_OPEN,BREAKTIME_CLOSE,MENU,PARKING,RESERVATION_NUM,VIEW_NUM,INFO_DEL_YN) values (19,'jayee','설눈','02-695-9383','서울시 서초구 서초동 1551-9','null','11:00','21:00',null,null,'고려 물냉면','N',48,62,'N');
Insert into STORE_INFO (BOARD_NO,MEMBER_ID,STORE_NAME,STORE_PHONE,LOCATION,CLOSING_DAY,OPEN_HOURS,CLOSE_HOURS,BREAKTIME_OPEN,BREAKTIME_CLOSE,MENU,PARKING,RESERVATION_NUM,VIEW_NUM,INFO_DEL_YN) values (20,'youongsa','서울케밥','02-702-0605','서울시 용산구 한강로2가 15-14 선인상가 1F 11호','월,화','10:00','20:00',null,null,'케밥','Y',326,359,'N');
Insert into STORE_INFO (BOARD_NO,MEMBER_ID,STORE_NAME,STORE_PHONE,LOCATION,CLOSING_DAY,OPEN_HOURS,CLOSE_HOURS,BREAKTIME_OPEN,BREAKTIME_CLOSE,MENU,PARKING,RESERVATION_NUM,VIEW_NUM,INFO_DEL_YN) values (21,'yelri','매덕스피자','02-542-2421','서울시 강남구 신사동 541-11 1F','null','12:00','22:00',null,null,'마르게리타피자','Y',501,522,'N');
Insert into STORE_INFO (BOARD_NO,MEMBER_ID,STORE_NAME,STORE_PHONE,LOCATION,CLOSING_DAY,OPEN_HOURS,CLOSE_HOURS,BREAKTIME_OPEN,BREAKTIME_CLOSE,MENU,PARKING,RESERVATION_NUM,VIEW_NUM,INFO_DEL_YN) values (22,'rooyee','부촌육회','02-226-1832','서울시 종로구 종로4가 165-11','화','09:00','23:00','16:00','17:00','육회','N',132,159,'N');
Insert into STORE_INFO (BOARD_NO,MEMBER_ID,STORE_NAME,STORE_PHONE,LOCATION,CLOSING_DAY,OPEN_HOURS,CLOSE_HOURS,BREAKTIME_OPEN,BREAKTIME_CLOSE,MENU,PARKING,RESERVATION_NUM,VIEW_NUM,INFO_DEL_YN) values (23,'mani','알라프리마','02-511-2556','서울시 강남구 논현동 42-6 1F','일','12:00','21:00','14:30','18:00','스테이크','Y',648,687,'N');
Insert into STORE_INFO (BOARD_NO,MEMBER_ID,STORE_NAME,STORE_PHONE,LOCATION,CLOSING_DAY,OPEN_HOURS,CLOSE_HOURS,BREAKTIME_OPEN,BREAKTIME_CLOSE,MENU,PARKING,RESERVATION_NUM,VIEW_NUM,INFO_DEL_YN) values (24,'jeonghuan','맛짱조개','02-516-4785','서울시 강남구 논현동 114-14','일','17:00','04:00',null,null,'가리비숙회','N',752,785,'N');
Insert into STORE_INFO (BOARD_NO,MEMBER_ID,STORE_NAME,STORE_PHONE,LOCATION,CLOSING_DAY,OPEN_HOURS,CLOSE_HOURS,BREAKTIME_OPEN,BREAKTIME_CLOSE,MENU,PARKING,RESERVATION_NUM,VIEW_NUM,INFO_DEL_YN) values (25,'doohan','스시소라','02-733-8402','서울시 종로구 종로1가 24 B116 B-1호','null','11:30','22:00','14:30','18:00','오마카세','Y',268,295,'N');
Insert into STORE_INFO (BOARD_NO,MEMBER_ID,STORE_NAME,STORE_PHONE,LOCATION,CLOSING_DAY,OPEN_HOURS,CLOSE_HOURS,BREAKTIME_OPEN,BREAKTIME_CLOSE,MENU,PARKING,RESERVATION_NUM,VIEW_NUM,INFO_DEL_YN) values (26,'soonyea','왕대박지지미촌','02-752-3332','서울시 중구 회현동1가 194-47','일','15:00','01:00',null,null,'왕꼬막무침','N',635,652,'N');
Insert into STORE_INFO (BOARD_NO,MEMBER_ID,STORE_NAME,STORE_PHONE,LOCATION,CLOSING_DAY,OPEN_HOURS,CLOSE_HOURS,BREAKTIME_OPEN,BREAKTIME_CLOSE,MENU,PARKING,RESERVATION_NUM,VIEW_NUM,INFO_DEL_YN) values (27,'guansoon','팔레드 신','02-317-4007','서울시 중구 회현동1가 210 6F','화','08:00','23:00','10:00','11:30','북경오리','N',33,45,'N');
Insert into STORE_INFO (BOARD_NO,MEMBER_ID,STORE_NAME,STORE_PHONE,LOCATION,CLOSING_DAY,OPEN_HOURS,CLOSE_HOURS,BREAKTIME_OPEN,BREAKTIME_CLOSE,MENU,PARKING,RESERVATION_NUM,VIEW_NUM,INFO_DEL_YN) values (28,'saboo','야상해','02-749-8668','서울시 용산구 이태원동 119-16','월','12:00','22:00','16:00','17:00','소룡포','N',75,96,'N');
Insert into STORE_INFO (BOARD_NO,MEMBER_ID,STORE_NAME,STORE_PHONE,LOCATION,CLOSING_DAY,OPEN_HOURS,CLOSE_HOURS,BREAKTIME_OPEN,BREAKTIME_CLOSE,MENU,PARKING,RESERVATION_NUM,VIEW_NUM,INFO_DEL_YN) values (29,'dangoon','가담','02-545-5167','서울시 강남구 신사동 608-8 옥산빌딩','null','11:00','22:00','15:00','17:00','고추탕수육','Y',38,57,'N');
--------------------------------------------------------
--  Constraints for Table BOOKMARK
--------------------------------------------------------

  ALTER TABLE "BOOKMARK" ADD CONSTRAINT "PK_BOOKMARK" PRIMARY KEY ("BMARK_NO") ENABLE;
  ALTER TABLE "BOOKMARK" MODIFY ("MEMBER_ID" NOT NULL ENABLE);
  ALTER TABLE "BOOKMARK" MODIFY ("BOARD_NO" NOT NULL ENABLE);
  ALTER TABLE "BOOKMARK" MODIFY ("BMARK_NO" NOT NULL ENABLE);
--------------------------------------------------------
--  Constraints for Table HASHTAG
--------------------------------------------------------

  ALTER TABLE "HASHTAG" ADD CONSTRAINT "PK_HASHTAG" PRIMARY KEY ("HASHTAG_KEYWORD") ENABLE;
  ALTER TABLE "HASHTAG" MODIFY ("HASHTAG_KEYWORD" NOT NULL ENABLE);
--------------------------------------------------------
--  Constraints for Table HASHTAG_BOARD
--------------------------------------------------------

  ALTER TABLE "HASHTAG_BOARD" ADD CONSTRAINT "PK_HASHTAG_BOARD" PRIMARY KEY ("BOARD_NO") ENABLE;
  ALTER TABLE "HASHTAG_BOARD" MODIFY ("HASHTAG_KEYWORD1" NOT NULL ENABLE);
  ALTER TABLE "HASHTAG_BOARD" MODIFY ("BOARD_NO" NOT NULL ENABLE);
--------------------------------------------------------
--  Constraints for Table MEMBER
--------------------------------------------------------

  ALTER TABLE "MEMBER" ADD CONSTRAINT "PK_MEMBER" PRIMARY KEY ("MEMBER_ID") ENABLE;
  ALTER TABLE "MEMBER" ADD CONSTRAINT "CK_MEMBER_ROLE" CHECK (member_role in ('P','R')) ENABLE;
  ALTER TABLE "MEMBER" ADD CONSTRAINT "CK_QUIT_YN" CHECK (quit_yn in ('Y','N')) ENABLE;
  ALTER TABLE "MEMBER" MODIFY ("PHONE" NOT NULL ENABLE);
  ALTER TABLE "MEMBER" MODIFY ("EMAIL" NOT NULL ENABLE);
  ALTER TABLE "MEMBER" MODIFY ("MEMBER_ROLE" NOT NULL ENABLE);
  ALTER TABLE "MEMBER" MODIFY ("MEMBER_NAME" NOT NULL ENABLE);
  ALTER TABLE "MEMBER" MODIFY ("MEMBER_PASSWORD" NOT NULL ENABLE);
  ALTER TABLE "MEMBER" MODIFY ("MEMBER_ID" NOT NULL ENABLE);
--------------------------------------------------------
--  Constraints for Table MENU_PIC
--------------------------------------------------------

  ALTER TABLE "MENU_PIC" ADD CONSTRAINT "PK_MENU_PIC" PRIMARY KEY ("BOARD_NO") ENABLE;
  ALTER TABLE "MENU_PIC" MODIFY ("MENU_RENAMED_FILENAME3" NOT NULL ENABLE);
  ALTER TABLE "MENU_PIC" MODIFY ("MENU_RENAMED_FILENAME2" NOT NULL ENABLE);
  ALTER TABLE "MENU_PIC" MODIFY ("MENU_RENAMED_FILENAME1" NOT NULL ENABLE);
  ALTER TABLE "MENU_PIC" MODIFY ("MENU_ORIGINAL_FILENAME3" NOT NULL ENABLE);
  ALTER TABLE "MENU_PIC" MODIFY ("MENU_ORIGINAL_FILENAME2" NOT NULL ENABLE);
  ALTER TABLE "MENU_PIC" MODIFY ("MENU_ORIGINAL_FILENAME1" NOT NULL ENABLE);
  ALTER TABLE "MENU_PIC" MODIFY ("BOARD_NO" NOT NULL ENABLE);
--------------------------------------------------------
--  Constraints for Table PAYMENT
--------------------------------------------------------

  ALTER TABLE "PAYMENT" ADD CONSTRAINT "PK_PAYMENT_MERCHANT_UID" PRIMARY KEY ("MERCHANT_UID") ENABLE;
  ALTER TABLE "PAYMENT" MODIFY ("PG" NOT NULL ENABLE);
  ALTER TABLE "PAYMENT" MODIFY ("PAYMENT_DATE" NOT NULL ENABLE);
  ALTER TABLE "PAYMENT" MODIFY ("PAY_METHOD" NOT NULL ENABLE);
  ALTER TABLE "PAYMENT" MODIFY ("AMOUNT" NOT NULL ENABLE);
  ALTER TABLE "PAYMENT" MODIFY ("BUYER_TEL" NOT NULL ENABLE);
  ALTER TABLE "PAYMENT" MODIFY ("BUYER_NAME" NOT NULL ENABLE);
  ALTER TABLE "PAYMENT" MODIFY ("BOARD_NO" NOT NULL ENABLE);
  ALTER TABLE "PAYMENT" MODIFY ("MEMBER_ID" NOT NULL ENABLE);
  ALTER TABLE "PAYMENT" MODIFY ("MERCHANT_UID" NOT NULL ENABLE);
  ALTER TABLE "PAYMENT" ADD CONSTRAINT "CHECK_REFUND_YN" CHECK (REFUND_YN in ('Y', 'N')) ENABLE;
  ALTER TABLE "PAYMENT" ADD UNIQUE ("RESERVATION_NO") ENABLE;
  ALTER TABLE "PAYMENT" MODIFY ("RESERVATION_NO" NOT NULL ENABLE);
--------------------------------------------------------
--  Constraints for Table RESERVATION
--------------------------------------------------------

  ALTER TABLE "RESERVATION" ADD CONSTRAINT "PK_RESERVATION" PRIMARY KEY ("RESERVATION_NO") ENABLE;
  ALTER TABLE "RESERVATION" ADD CONSTRAINT "CK_RESERVATION_STATUS" CHECK (reservation_status in ('Y','N')) ENABLE;
  ALTER TABLE "RESERVATION" ADD CONSTRAINT "CK_DEPOSIT_YN" CHECK (deposit_yn in ('Y','N')) ENABLE;
  ALTER TABLE "RESERVATION" MODIFY ("DEPOSIT_YN" NOT NULL ENABLE);
  ALTER TABLE "RESERVATION" MODIFY ("RESERVATION_PHONE" NOT NULL ENABLE);
  ALTER TABLE "RESERVATION" MODIFY ("ADULT" NOT NULL ENABLE);
  ALTER TABLE "RESERVATION" MODIFY ("BOARD_NO" NOT NULL ENABLE);
  ALTER TABLE "RESERVATION" MODIFY ("MEMBER_ID" NOT NULL ENABLE);
  ALTER TABLE "RESERVATION" MODIFY ("RESERVATION_NO" NOT NULL ENABLE);
--------------------------------------------------------
--  Constraints for Table REVIEW
--------------------------------------------------------

  ALTER TABLE "REVIEW" ADD CONSTRAINT "PK_REVIEW" PRIMARY KEY ("REVIEW_NO") ENABLE;
  ALTER TABLE "REVIEW" ADD CONSTRAINT "CK_REVIEW_DEL_YN" CHECK (review_del_yn in ('Y','N')) ENABLE;
  ALTER TABLE "REVIEW" MODIFY ("REVIEW_DEL_YN" NOT NULL ENABLE);
  ALTER TABLE "REVIEW" MODIFY ("MEMBER_ID" NOT NULL ENABLE);
  ALTER TABLE "REVIEW" MODIFY ("BOARD_NO" NOT NULL ENABLE);
  ALTER TABLE "REVIEW" MODIFY ("RATING" NOT NULL ENABLE);
  ALTER TABLE "REVIEW" MODIFY ("REVIEW_CONTENT" NOT NULL ENABLE);
  ALTER TABLE "REVIEW" MODIFY ("REVIEW_NO" NOT NULL ENABLE);
--------------------------------------------------------
--  Constraints for Table REVIEW_PIC
--------------------------------------------------------

  ALTER TABLE "REVIEW_PIC" ADD CONSTRAINT "PK_REVIEW_PIC" PRIMARY KEY ("REVIEW_NO") ENABLE;
  ALTER TABLE "REVIEW_PIC" MODIFY ("REVIEW_NO" NOT NULL ENABLE);
--------------------------------------------------------
--  Constraints for Table STORE_INFO
--------------------------------------------------------

  ALTER TABLE "STORE_INFO" ADD CONSTRAINT "PK_STORE_INFO" PRIMARY KEY ("BOARD_NO") ENABLE;
  ALTER TABLE "STORE_INFO" ADD CONSTRAINT "CK_INFO_DEL_YN" CHECK (info_del_yn in ('Y','N')) ENABLE;
  ALTER TABLE "STORE_INFO" ADD CONSTRAINT "CK_PARKING" CHECK (parking in ('Y','N')) ENABLE;
  ALTER TABLE "STORE_INFO" MODIFY ("INFO_DEL_YN" NOT NULL ENABLE);
  ALTER TABLE "STORE_INFO" MODIFY ("VIEW_NUM" NOT NULL ENABLE);
  ALTER TABLE "STORE_INFO" MODIFY ("RESERVATION_NUM" NOT NULL ENABLE);
  ALTER TABLE "STORE_INFO" MODIFY ("MENU" NOT NULL ENABLE);
  ALTER TABLE "STORE_INFO" MODIFY ("CLOSE_HOURS" NOT NULL ENABLE);
  ALTER TABLE "STORE_INFO" MODIFY ("OPEN_HOURS" NOT NULL ENABLE);
  ALTER TABLE "STORE_INFO" MODIFY ("CLOSING_DAY" NOT NULL ENABLE);
  ALTER TABLE "STORE_INFO" MODIFY ("LOCATION" NOT NULL ENABLE);
  ALTER TABLE "STORE_INFO" MODIFY ("STORE_NAME" NOT NULL ENABLE);
  ALTER TABLE "STORE_INFO" MODIFY ("MEMBER_ID" NOT NULL ENABLE);
  ALTER TABLE "STORE_INFO" MODIFY ("BOARD_NO" NOT NULL ENABLE);
--------------------------------------------------------
--  Ref Constraints for Table HASHTAG_BOARD
--------------------------------------------------------

  ALTER TABLE "HASHTAG_BOARD" ADD CONSTRAINT "FK_HASHTAG_BOARD" FOREIGN KEY ("BOARD_NO")
	  REFERENCES "STORE_INFO" ("BOARD_NO") ENABLE;
  ALTER TABLE "HASHTAG_BOARD" ADD CONSTRAINT "FK_HASHTAG_KEYWORD1" FOREIGN KEY ("HASHTAG_KEYWORD1")
	  REFERENCES "HASHTAG" ("HASHTAG_KEYWORD") ENABLE;
  ALTER TABLE "HASHTAG_BOARD" ADD CONSTRAINT "FK_HASHTAG_KEYWORD2" FOREIGN KEY ("HASHTAG_KEYWORD2")
	  REFERENCES "HASHTAG" ("HASHTAG_KEYWORD") ENABLE;
  ALTER TABLE "HASHTAG_BOARD" ADD CONSTRAINT "FK_HASHTAG_KEYWORD3" FOREIGN KEY ("HASHTAG_KEYWORD3")
	  REFERENCES "HASHTAG" ("HASHTAG_KEYWORD") ENABLE;
--------------------------------------------------------
--  Ref Constraints for Table MENU_PIC
--------------------------------------------------------

  ALTER TABLE "MENU_PIC" ADD CONSTRAINT "FK_MENU_PIC_HASHTAG_BOARD_NO" FOREIGN KEY ("BOARD_NO")
	  REFERENCES "STORE_INFO" ("BOARD_NO") ENABLE;
--------------------------------------------------------
--  Ref Constraints for Table PAYMENT
--------------------------------------------------------

  ALTER TABLE "PAYMENT" ADD CONSTRAINT "FK_PAYMENT_BOARD_NO" FOREIGN KEY ("BOARD_NO")
	  REFERENCES "STORE_INFO" ("BOARD_NO") ON DELETE SET NULL ENABLE;
  ALTER TABLE "PAYMENT" ADD CONSTRAINT "FK_PAYMENT_MEMBER_ID" FOREIGN KEY ("MEMBER_ID")
	  REFERENCES "MEMBER" ("MEMBER_ID") ON DELETE SET NULL ENABLE;
  ALTER TABLE "PAYMENT" ADD FOREIGN KEY ("RESERVATION_NO")
	  REFERENCES "RESERVATION" ("RESERVATION_NO") ENABLE;
--------------------------------------------------------
--  Ref Constraints for Table RESERVATION
--------------------------------------------------------

  ALTER TABLE "RESERVATION" ADD CONSTRAINT "FK_RESERVATION_BOARD_NO" FOREIGN KEY ("BOARD_NO")
	  REFERENCES "STORE_INFO" ("BOARD_NO") ENABLE;
  ALTER TABLE "RESERVATION" ADD CONSTRAINT "FK_RESERVATION_MEMEBR_ID" FOREIGN KEY ("MEMBER_ID")
	  REFERENCES "MEMBER" ("MEMBER_ID") ENABLE;
--------------------------------------------------------
--  Ref Constraints for Table REVIEW
--------------------------------------------------------

  ALTER TABLE "REVIEW" ADD CONSTRAINT "FK_REVIEW_BOARD_NO" FOREIGN KEY ("BOARD_NO")
	  REFERENCES "STORE_INFO" ("BOARD_NO") ENABLE;
  ALTER TABLE "REVIEW" ADD CONSTRAINT "FK_REVIEW_MEMBER_ID" FOREIGN KEY ("MEMBER_ID")
	  REFERENCES "MEMBER" ("MEMBER_ID") ENABLE;
--------------------------------------------------------
--  Ref Constraints for Table REVIEW_PIC
--------------------------------------------------------

  ALTER TABLE "REVIEW_PIC" ADD CONSTRAINT "FK_REVIEW_REVIEW_PIC" FOREIGN KEY ("REVIEW_NO")
	  REFERENCES "REVIEW" ("REVIEW_NO") ENABLE;
--------------------------------------------------------
--  Ref Constraints for Table STORE_INFO
--------------------------------------------------------

  ALTER TABLE "STORE_INFO" ADD CONSTRAINT "FK_STORE_INFO_MEMBER_ID" FOREIGN KEY ("MEMBER_ID")
	  REFERENCES "MEMBER" ("MEMBER_ID") ENABLE;
